transaction_id,date,item_id,item_name,quantity
T0001925,2024-02-01,I001,Espresso,2
T0001926,2024-02-01,I001,Espresso,1
T0001927,2024-02-01,I001,Espresso,1
T0001928,2024-02-01,I001,Espresso,2
T0001929,2024-02-01,I001,Espresso,1
T0001930,2024-02-01,I001,Espresso,1
T0001931,2024-02-01,I001,Espresso,3
T0001932,2024-02-01,I001,Espresso,1
T0001933,2024-02-01,I001,Espresso,1
T0001934,2024-02-01,I001,Espresso,1
T0001935,2024-02-01,I001,Espresso,1
T0001936,2024-02-01,I001,Espresso,2
T0001937,2024-02-01,I001,Espresso,1
T0001938,2024-02-01,I001,Espresso,3
T0001939,2024-02-01,I002,Latte,1
T0001940,2024-02-01,I002,Latte,1
T0001941,2024-02-01,I002,Latte,1
T0001942,2024-02-01,I002,Latte,1
T0001943,2024-02-01,I002,Latte,1
T0001944,2024-02-01,I002,Latte,1
T0001945,2024-02-01,I002,Latte,2
T0001946,2024-02-01,I002,Latte,1
T0001947,2024-02-01,I002,Latte,2
T0001948,2024-02-01,I002,Latte,1
T0001949,2024-02-01,I002,Latte,1
T0001950,2024-02-01,I002,Latte,1
T0001951,2024-02-01,I002,Latte,1
T0001952,2024-02-01,I003,Cappuccino,1
T0001953,2024-02-01,I003,Cappuccino,2
T0001954,2024-02-01,I003,Cappuccino,2
T0001955,2024-02-01,I003,Cappuccino,1
T0001956,2024-02-01,I003,Cappuccino,1
T0001957,2024-02-01,I003,Cappuccino,2
T0001958,2024-02-01,I003,Cappuccino,1
T0001959,2024-02-01,I003,Cappuccino,2
T0001960,2024-02-01,I003,Cappuccino,2
T0001961,2024-02-01,I003,Cappuccino,2
T0001962,2024-02-01,I003,Cappuccino,1
T0001963,2024-02-01,I003,Cappuccino,1
T0001964,2024-02-01,I004,Americano,2
T0001965,2024-02-01,I004,Americano,1
T0001966,2024-02-01,I004,Americano,1
T0001967,2024-02-01,I004,Americano,2
T0001968,2024-02-01,I004,Americano,2
T0001969,2024-02-01,I004,Americano,2
T0001970,2024-02-01,I004,Americano,2
T0001971,2024-02-01,I004,Americano,1
T0001972,2024-02-01,I004,Americano,1
T0001973,2024-02-01,I004,Americano,2
T0001974,2024-02-01,I004,Americano,1
T0001975,2024-02-01,I004,Americano,1
T0001976,2024-02-01,I005,Green Tea,1
T0001977,2024-02-01,I005,Green Tea,1
T0001978,2024-02-01,I005,Green Tea,2
T0001979,2024-02-01,I005,Green Tea,1
T0001980,2024-02-01,I005,Green Tea,1
T0001981,2024-02-01,I005,Green Tea,1
T0001982,2024-02-01,I005,Green Tea,1
T0001983,2024-02-01,I005,Green Tea,1
T0001984,2024-02-01,I005,Green Tea,1
T0001985,2024-02-01,I005,Green Tea,2
T0001986,2024-02-01,I006,Muffin,1
T0001987,2024-02-01,I006,Muffin,1
T0001988,2024-02-01,I006,Muffin,1
T0001989,2024-02-01,I006,Muffin,2
T0001990,2024-02-01,I006,Muffin,1
T0001991,2024-02-01,I006,Muffin,2
T0001992,2024-02-01,I007,Croissant,1
T0001993,2024-02-01,I007,Croissant,1
T0001994,2024-02-01,I007,Croissant,1
T0001995,2024-02-01,I007,Croissant,3
T0001996,2024-02-01,I007,Croissant,1
T0001997,2024-02-01,I007,Croissant,1
T0001998,2024-02-01,I007,Croissant,1
T0001999,2024-02-01,I007,Croissant,1
T0002000,2024-02-01,I007,Croissant,1
T0002001,2024-02-01,I007,Croissant,1
T0002002,2024-02-01,I008,Sandwich,1
T0002003,2024-02-01,I008,Sandwich,2
T0002004,2024-02-01,I008,Sandwich,2
T0002005,2024-02-01,I008,Sandwich,2
T0002006,2024-02-01,I008,Sandwich,1
T0002007,2024-02-01,I008,Sandwich,1
T0002008,2024-02-01,I008,Sandwich,1
T0002009,2024-02-01,I008,Sandwich,1
T0002010,2024-02-01,I008,Sandwich,1
T0002011,2024-02-01,I008,Sandwich,1
T0002012,2024-02-02,I001,Espresso,1
T0002013,2024-02-02,I001,Espresso,1
T0002014,2024-02-02,I001,Espresso,2
T0002015,2024-02-02,I001,Espresso,1
T0002016,2024-02-02,I001,Espresso,1
T0002017,2024-02-02,I001,Espresso,1
T0002018,2024-02-02,I001,Espresso,1
T0002019,2024-02-02,I002,Latte,2
T0002020,2024-02-02,I002,Latte,1
T0002021,2024-02-02,I002,Latte,2
T0002022,2024-02-02,I002,Latte,3
T0002023,2024-02-02,I002,Latte,2
T0002024,2024-02-02,I002,Latte,2
T0002025,2024-02-02,I002,Latte,1
T0002026,2024-02-02,I002,Latte,1
T0002027,2024-02-02,I003,Cappuccino,1
T0002028,2024-02-02,I003,Cappuccino,1
T0002029,2024-02-02,I003,Cappuccino,3
T0002030,2024-02-02,I003,Cappuccino,1
T0002031,2024-02-02,I003,Cappuccino,2
T0002032,2024-02-02,I003,Cappuccino,2
T0002033,2024-02-02,I004,Americano,1
T0002034,2024-02-02,I004,Americano,1
T0002035,2024-02-02,I004,Americano,2
T0002036,2024-02-02,I004,Americano,1
T0002037,2024-02-02,I004,Americano,1
T0002038,2024-02-02,I005,Green Tea,1
T0002039,2024-02-02,I005,Green Tea,1
T0002040,2024-02-02,I005,Green Tea,1
T0002041,2024-02-02,I005,Green Tea,2
T0002042,2024-02-02,I005,Green Tea,1
T0002043,2024-02-02,I005,Green Tea,2
T0002044,2024-02-02,I006,Muffin,1
T0002045,2024-02-02,I006,Muffin,2
T0002046,2024-02-02,I006,Muffin,1
T0002047,2024-02-02,I006,Muffin,1
T0002048,2024-02-02,I006,Muffin,3
T0002049,2024-02-02,I006,Muffin,2
T0002050,2024-02-02,I006,Muffin,1
T0002051,2024-02-02,I006,Muffin,2
T0002052,2024-02-02,I006,Muffin,1
T0002053,2024-02-02,I006,Muffin,1
T0002054,2024-02-02,I007,Croissant,1
T0002055,2024-02-02,I007,Croissant,3
T0002056,2024-02-02,I007,Croissant,3
T0002057,2024-02-02,I007,Croissant,1
T0002058,2024-02-02,I007,Croissant,1
T0002059,2024-02-02,I007,Croissant,1
T0002060,2024-02-02,I007,Croissant,3
T0002061,2024-02-02,I007,Croissant,3
T0002062,2024-02-02,I007,Croissant,1
T0002063,2024-02-02,I007,Croissant,2
T0002064,2024-02-02,I007,Croissant,2
T0002065,2024-02-02,I007,Croissant,1
T0002066,2024-02-02,I007,Croissant,1
T0002067,2024-02-02,I007,Croissant,1
T0002068,2024-02-02,I008,Sandwich,1
T0002069,2024-02-02,I008,Sandwich,3
T0002070,2024-02-02,I008,Sandwich,1
T0002071,2024-02-02,I008,Sandwich,1
T0002072,2024-02-02,I008,Sandwich,1
T0002073,2024-02-02,I008,Sandwich,1
T0002074,2024-02-02,I008,Sandwich,1
T0002075,2024-02-02,I008,Sandwich,1
T0002076,2024-02-02,I008,Sandwich,1
T0002077,2024-02-02,I008,Sandwich,1
T0002078,2024-02-02,I008,Sandwich,1
T0002079,2024-02-02,I008,Sandwich,1
T0002080,2024-02-02,I008,Sandwich,2
T0002081,2024-02-02,I008,Sandwich,1
T0002082,2024-02-02,I008,Sandwich,1
T0002083,2024-02-02,I008,Sandwich,2
T0002084,2024-02-03,I001,Espresso,1
T0002085,2024-02-03,I001,Espresso,1
T0002086,2024-02-03,I001,Espresso,2
T0002087,2024-02-03,I001,Espresso,1
T0002088,2024-02-03,I001,Espresso,1
T0002089,2024-02-03,I001,Espresso,2
T0002090,2024-02-03,I002,Latte,1
T0002091,2024-02-03,I003,Cappuccino,1
T0002092,2024-02-03,I003,Cappuccino,1
T0002093,2024-02-03,I003,Cappuccino,1
T0002094,2024-02-03,I003,Cappuccino,3
T0002095,2024-02-03,I003,Cappuccino,1
T0002096,2024-02-03,I003,Cappuccino,1
T0002097,2024-02-03,I003,Cappuccino,1
T0002098,2024-02-03,I003,Cappuccino,1
T0002099,2024-02-03,I003,Cappuccino,1
T0002100,2024-02-03,I003,Cappuccino,1
T0002101,2024-02-03,I003,Cappuccino,1
T0002102,2024-02-03,I004,Americano,2
T0002103,2024-02-03,I004,Americano,1
T0002104,2024-02-03,I004,Americano,1
T0002105,2024-02-03,I004,Americano,2
T0002106,2024-02-03,I004,Americano,2
T0002107,2024-02-03,I004,Americano,1
T0002108,2024-02-03,I004,Americano,2
T0002109,2024-02-03,I004,Americano,1
T0002110,2024-02-03,I004,Americano,2
T0002111,2024-02-03,I004,Americano,3
T0002112,2024-02-03,I005,Green Tea,1
T0002113,2024-02-03,I005,Green Tea,2
T0002114,2024-02-03,I005,Green Tea,1
T0002115,2024-02-03,I005,Green Tea,3
T0002116,2024-02-03,I005,Green Tea,1
T0002117,2024-02-03,I005,Green Tea,2
T0002118,2024-02-03,I005,Green Tea,1
T0002119,2024-02-03,I005,Green Tea,1
T0002120,2024-02-03,I006,Muffin,3
T0002121,2024-02-03,I006,Muffin,1
T0002122,2024-02-03,I006,Muffin,1
T0002123,2024-02-03,I006,Muffin,1
T0002124,2024-02-03,I006,Muffin,1
T0002125,2024-02-03,I006,Muffin,1
T0002126,2024-02-03,I006,Muffin,1
T0002127,2024-02-03,I006,Muffin,1
T0002128,2024-02-03,I006,Muffin,1
T0002129,2024-02-03,I006,Muffin,1
T0002130,2024-02-03,I006,Muffin,1
T0002131,2024-02-03,I007,Croissant,3
T0002132,2024-02-03,I007,Croissant,2
T0002133,2024-02-03,I007,Croissant,3
T0002134,2024-02-03,I007,Croissant,1
T0002135,2024-02-03,I007,Croissant,1
T0002136,2024-02-03,I007,Croissant,2
T0002137,2024-02-03,I007,Croissant,1
T0002138,2024-02-03,I007,Croissant,1
T0002139,2024-02-03,I007,Croissant,1
T0002140,2024-02-03,I007,Croissant,1
T0002141,2024-02-03,I007,Croissant,1
T0002142,2024-02-03,I007,Croissant,1
T0002143,2024-02-03,I007,Croissant,1
T0002144,2024-02-03,I008,Sandwich,1
T0002145,2024-02-03,I008,Sandwich,2
T0002146,2024-02-03,I008,Sandwich,1
T0002147,2024-02-03,I008,Sandwich,1
T0002148,2024-02-03,I008,Sandwich,1
T0002149,2024-02-03,I008,Sandwich,1
T0002150,2024-02-03,I008,Sandwich,1
T0002151,2024-02-03,I008,Sandwich,2
T0002152,2024-02-03,I008,Sandwich,1
T0002153,2024-02-03,I008,Sandwich,1
T0002154,2024-02-03,I008,Sandwich,1
T0002155,2024-02-03,I008,Sandwich,1
T0002156,2024-02-03,I008,Sandwich,1
T0002157,2024-02-03,I008,Sandwich,1
T0002158,2024-02-03,I008,Sandwich,1
T0002159,2024-02-03,I008,Sandwich,1
T0002160,2024-02-03,I008,Sandwich,1
T0002161,2024-02-03,I008,Sandwich,1
T0002162,2024-02-03,I008,Sandwich,2
T0002163,2024-02-04,I001,Espresso,1
T0002164,2024-02-04,I001,Espresso,1
T0002165,2024-02-04,I001,Espresso,1
T0002166,2024-02-04,I001,Espresso,2
T0002167,2024-02-04,I001,Espresso,1
T0002168,2024-02-04,I001,Espresso,1
T0002169,2024-02-04,I001,Espresso,2
T0002170,2024-02-04,I001,Espresso,2
T0002171,2024-02-04,I001,Espresso,1
T0002172,2024-02-04,I001,Espresso,1
T0002173,2024-02-04,I001,Espresso,2
T0002174,2024-02-04,I001,Espresso,3
T0002175,2024-02-04,I002,Latte,1
T0002176,2024-02-04,I002,Latte,1
T0002177,2024-02-04,I002,Latte,2
T0002178,2024-02-04,I002,Latte,1
T0002179,2024-02-04,I002,Latte,1
T0002180,2024-02-04,I002,Latte,2
T0002181,2024-02-04,I002,Latte,1
T0002182,2024-02-04,I002,Latte,2
T0002183,2024-02-04,I002,Latte,1
T0002184,2024-02-04,I002,Latte,1
T0002185,2024-02-04,I002,Latte,1
T0002186,2024-02-04,I002,Latte,2
T0002187,2024-02-04,I002,Latte,1
T0002188,2024-02-04,I002,Latte,1
T0002189,2024-02-04,I003,Cappuccino,3
T0002190,2024-02-04,I003,Cappuccino,1
T0002191,2024-02-04,I003,Cappuccino,1
T0002192,2024-02-04,I003,Cappuccino,1
T0002193,2024-02-04,I003,Cappuccino,1
T0002194,2024-02-04,I003,Cappuccino,1
T0002195,2024-02-04,I003,Cappuccino,1
T0002196,2024-02-04,I003,Cappuccino,1
T0002197,2024-02-04,I003,Cappuccino,1
T0002198,2024-02-04,I003,Cappuccino,1
T0002199,2024-02-04,I003,Cappuccino,1
T0002200,2024-02-04,I003,Cappuccino,1
T0002201,2024-02-04,I003,Cappuccino,1
T0002202,2024-02-04,I004,Americano,1
T0002203,2024-02-04,I004,Americano,2
T0002204,2024-02-04,I004,Americano,1
T0002205,2024-02-04,I004,Americano,3
T0002206,2024-02-04,I004,Americano,3
T0002207,2024-02-04,I004,Americano,1
T0002208,2024-02-04,I004,Americano,1
T0002209,2024-02-04,I004,Americano,1
T0002210,2024-02-04,I004,Americano,2
T0002211,2024-02-04,I005,Green Tea,1
T0002212,2024-02-04,I005,Green Tea,1
T0002213,2024-02-04,I005,Green Tea,1
T0002214,2024-02-04,I005,Green Tea,2
T0002215,2024-02-04,I005,Green Tea,2
T0002216,2024-02-04,I005,Green Tea,1
T0002217,2024-02-04,I005,Green Tea,1
T0002218,2024-02-04,I006,Muffin,2
T0002219,2024-02-04,I006,Muffin,1
T0002220,2024-02-04,I006,Muffin,1
T0002221,2024-02-04,I006,Muffin,1
T0002222,2024-02-04,I006,Muffin,2
T0002223,2024-02-04,I006,Muffin,2
T0002224,2024-02-04,I006,Muffin,1
T0002225,2024-02-04,I006,Muffin,2
T0002226,2024-02-04,I006,Muffin,1
T0002227,2024-02-04,I007,Croissant,1
T0002228,2024-02-04,I007,Croissant,1
T0002229,2024-02-04,I007,Croissant,1
T0002230,2024-02-04,I007,Croissant,1
T0002231,2024-02-04,I007,Croissant,3
T0002232,2024-02-04,I007,Croissant,1
T0002233,2024-02-04,I007,Croissant,1
T0002234,2024-02-04,I007,Croissant,1
T0002235,2024-02-04,I007,Croissant,1
T0002236,2024-02-04,I007,Croissant,2
T0002237,2024-02-04,I007,Croissant,1
T0002238,2024-02-04,I007,Croissant,1
T0002239,2024-02-04,I008,Sandwich,1
T0002240,2024-02-04,I008,Sandwich,1
T0002241,2024-02-04,I008,Sandwich,1
T0002242,2024-02-04,I008,Sandwich,3
T0002243,2024-02-04,I008,Sandwich,2
T0002244,2024-02-04,I008,Sandwich,1
T0002245,2024-02-04,I008,Sandwich,2
T0002246,2024-02-04,I008,Sandwich,1
T0002247,2024-02-04,I008,Sandwich,1
T0002248,2024-02-04,I008,Sandwich,1
T0002249,2024-02-04,I008,Sandwich,1
T0002250,2024-02-04,I008,Sandwich,1
T0002251,2024-02-04,I008,Sandwich,1
T0002252,2024-02-04,I008,Sandwich,2
T0002253,2024-02-04,I008,Sandwich,1
T0002254,2024-02-04,I008,Sandwich,1
T0002255,2024-02-05,I001,Espresso,1
T0002256,2024-02-05,I001,Espresso,1
T0002257,2024-02-05,I001,Espresso,1
T0002258,2024-02-05,I001,Espresso,1
T0002259,2024-02-05,I002,Latte,1
T0002260,2024-02-05,I003,Cappuccino,1
T0002261,2024-02-05,I003,Cappuccino,1
T0002262,2024-02-05,I003,Cappuccino,1
T0002263,2024-02-05,I003,Cappuccino,2
T0002264,2024-02-05,I004,Americano,1
T0002265,2024-02-05,I004,Americano,1
T0002266,2024-02-05,I004,Americano,1
T0002267,2024-02-05,I004,Americano,2
T0002268,2024-02-05,I004,Americano,1
T0002269,2024-02-05,I004,Americano,2
T0002270,2024-02-05,I005,Green Tea,1
T0002271,2024-02-05,I005,Green Tea,2
T0002272,2024-02-05,I005,Green Tea,1
T0002273,2024-02-05,I005,Green Tea,1
T0002274,2024-02-05,I006,Muffin,1
T0002275,2024-02-05,I006,Muffin,1
T0002276,2024-02-05,I006,Muffin,1
T0002277,2024-02-05,I006,Muffin,2
T0002278,2024-02-05,I006,Muffin,1
T0002279,2024-02-05,I006,Muffin,2
T0002280,2024-02-05,I006,Muffin,1
T0002281,2024-02-05,I006,Muffin,1
T0002282,2024-02-05,I006,Muffin,1
T0002283,2024-02-05,I007,Croissant,3
T0002284,2024-02-05,I007,Croissant,1
T0002285,2024-02-05,I007,Croissant,3
T0002286,2024-02-05,I007,Croissant,1
T0002287,2024-02-05,I007,Croissant,1
T0002288,2024-02-05,I007,Croissant,1
T0002289,2024-02-05,I007,Croissant,1
T0002290,2024-02-05,I007,Croissant,2
T0002291,2024-02-05,I007,Croissant,3
T0002292,2024-02-05,I007,Croissant,2
T0002293,2024-02-05,I008,Sandwich,1
T0002294,2024-02-05,I008,Sandwich,3
T0002295,2024-02-05,I008,Sandwich,1
T0002296,2024-02-05,I008,Sandwich,2
T0002297,2024-02-05,I008,Sandwich,2
T0002298,2024-02-05,I008,Sandwich,1
T0002299,2024-02-05,I008,Sandwich,3
T0002300,2024-02-05,I008,Sandwich,1
T0002301,2024-02-05,I008,Sandwich,1
T0002302,2024-02-05,I008,Sandwich,1
T0002303,2024-02-05,I008,Sandwich,1
T0002304,2024-02-05,I008,Sandwich,1
T0002305,2024-02-05,I008,Sandwich,1
T0002306,2024-02-06,I001,Espresso,2
T0002307,2024-02-06,I001,Espresso,3
T0002308,2024-02-06,I001,Espresso,1
T0002309,2024-02-06,I001,Espresso,1
T0002310,2024-02-06,I001,Espresso,3
T0002311,2024-02-06,I001,Espresso,1
T0002312,2024-02-06,I001,Espresso,1
T0002313,2024-02-06,I001,Espresso,1
T0002314,2024-02-06,I001,Espresso,1
T0002315,2024-02-06,I002,Latte,1
T0002316,2024-02-06,I002,Latte,1
T0002317,2024-02-06,I002,Latte,1
T0002318,2024-02-06,I002,Latte,2
T0002319,2024-02-06,I002,Latte,2
T0002320,2024-02-06,I002,Latte,1
T0002321,2024-02-06,I002,Latte,2
T0002322,2024-02-06,I002,Latte,2
T0002323,2024-02-06,I002,Latte,2
T0002324,2024-02-06,I003,Cappuccino,1
T0002325,2024-02-06,I004,Americano,1
T0002326,2024-02-06,I004,Americano,2
T0002327,2024-02-06,I004,Americano,2
T0002328,2024-02-06,I004,Americano,2
T0002329,2024-02-06,I004,Americano,1
T0002330,2024-02-06,I004,Americano,1
T0002331,2024-02-06,I005,Green Tea,1
T0002332,2024-02-06,I005,Green Tea,1
T0002333,2024-02-06,I005,Green Tea,1
T0002334,2024-02-06,I005,Green Tea,1
T0002335,2024-02-06,I005,Green Tea,1
T0002336,2024-02-06,I005,Green Tea,2
T0002337,2024-02-06,I005,Green Tea,1
T0002338,2024-02-06,I005,Green Tea,2
T0002339,2024-02-06,I005,Green Tea,1
T0002340,2024-02-06,I005,Green Tea,1
T0002341,2024-02-06,I006,Muffin,1
T0002342,2024-02-06,I006,Muffin,1
T0002343,2024-02-06,I006,Muffin,1
T0002344,2024-02-06,I006,Muffin,1
T0002345,2024-02-06,I007,Croissant,1
T0002346,2024-02-06,I007,Croissant,2
T0002347,2024-02-06,I007,Croissant,1
T0002348,2024-02-06,I007,Croissant,2
T0002349,2024-02-06,I007,Croissant,1
T0002350,2024-02-06,I007,Croissant,3
T0002351,2024-02-06,I007,Croissant,2
T0002352,2024-02-06,I007,Croissant,1
T0002353,2024-02-06,I007,Croissant,1
T0002354,2024-02-06,I007,Croissant,2
T0002355,2024-02-06,I008,Sandwich,1
T0002356,2024-02-06,I008,Sandwich,2
T0002357,2024-02-06,I008,Sandwich,2
T0002358,2024-02-06,I008,Sandwich,1
T0002359,2024-02-06,I008,Sandwich,1
T0002360,2024-02-06,I008,Sandwich,1
T0002361,2024-02-06,I008,Sandwich,1
T0002362,2024-02-06,I008,Sandwich,3
T0002363,2024-02-06,I008,Sandwich,1
T0002364,2024-02-06,I008,Sandwich,1
T0002365,2024-02-07,I001,Espresso,1
T0002366,2024-02-07,I002,Latte,1
T0002367,2024-02-07,I003,Cappuccino,1
T0002368,2024-02-07,I003,Cappuccino,1
T0002369,2024-02-07,I003,Cappuccino,1
T0002370,2024-02-07,I003,Cappuccino,3
T0002371,2024-02-07,I003,Cappuccino,2
T0002372,2024-02-07,I003,Cappuccino,3
T0002373,2024-02-07,I004,Americano,1
T0002374,2024-02-07,I005,Green Tea,1
T0002375,2024-02-07,I005,Green Tea,1
T0002376,2024-02-07,I005,Green Tea,1
T0002377,2024-02-07,I006,Muffin,1
T0002378,2024-02-07,I006,Muffin,1
T0002379,2024-02-07,I006,Muffin,1
T0002380,2024-02-07,I006,Muffin,2
T0002381,2024-02-07,I006,Muffin,2
T0002382,2024-02-07,I006,Muffin,1
T0002383,2024-02-07,I006,Muffin,1
T0002384,2024-02-07,I006,Muffin,1
T0002385,2024-02-07,I006,Muffin,2
T0002386,2024-02-07,I007,Croissant,1
T0002387,2024-02-07,I007,Croissant,1
T0002388,2024-02-07,I007,Croissant,1
T0002389,2024-02-07,I007,Croissant,1
T0002390,2024-02-07,I007,Croissant,1
T0002391,2024-02-07,I007,Croissant,2
T0002392,2024-02-07,I007,Croissant,1
T0002393,2024-02-07,I008,Sandwich,2
T0002394,2024-02-07,I008,Sandwich,1
T0002395,2024-02-07,I008,Sandwich,1
T0002396,2024-02-07,I008,Sandwich,1
T0002397,2024-02-07,I008,Sandwich,3
T0002398,2024-02-07,I008,Sandwich,1
T0002399,2024-02-07,I008,Sandwich,3
T0002400,2024-02-07,I008,Sandwich,1
T0002401,2024-02-07,I008,Sandwich,1
T0002402,2024-02-07,I008,Sandwich,1
T0002403,2024-02-07,I008,Sandwich,1
T0002404,2024-02-07,I008,Sandwich,1
T0002405,2024-02-07,I008,Sandwich,1
T0002406,2024-02-07,I008,Sandwich,1
T0002407,2024-02-07,I008,Sandwich,3
T0002408,2024-02-07,I008,Sandwich,1
T0002409,2024-02-07,I008,Sandwich,2
T0002410,2024-02-07,I008,Sandwich,1
T0002411,2024-02-08,I001,Espresso,1
T0002412,2024-02-08,I001,Espresso,1
T0002413,2024-02-08,I002,Latte,1
T0002414,2024-02-08,I002,Latte,1
T0002415,2024-02-08,I003,Cappuccino,1
T0002416,2024-02-08,I003,Cappuccino,1
T0002417,2024-02-08,I003,Cappuccino,1
T0002418,2024-02-08,I003,Cappuccino,2
T0002419,2024-02-08,I004,Americano,1
T0002420,2024-02-08,I004,Americano,1
T0002421,2024-02-08,I004,Americano,1
T0002422,2024-02-08,I004,Americano,1
T0002423,2024-02-08,I004,Americano,1
T0002424,2024-02-08,I004,Americano,1
T0002425,2024-02-08,I004,Americano,1
T0002426,2024-02-08,I005,Green Tea,1
T0002427,2024-02-08,I005,Green Tea,1
T0002428,2024-02-08,I005,Green Tea,1
T0002429,2024-02-08,I005,Green Tea,1
T0002430,2024-02-08,I005,Green Tea,2
T0002431,2024-02-08,I005,Green Tea,1
T0002432,2024-02-08,I005,Green Tea,1
T0002433,2024-02-08,I005,Green Tea,1
T0002434,2024-02-08,I006,Muffin,1
T0002435,2024-02-08,I006,Muffin,1
T0002436,2024-02-08,I006,Muffin,2
T0002437,2024-02-08,I006,Muffin,3
T0002438,2024-02-08,I006,Muffin,1
T0002439,2024-02-08,I006,Muffin,2
T0002440,2024-02-08,I006,Muffin,3
T0002441,2024-02-08,I006,Muffin,2
T0002442,2024-02-08,I007,Croissant,1
T0002443,2024-02-08,I007,Croissant,1
T0002444,2024-02-08,I007,Croissant,1
T0002445,2024-02-08,I007,Croissant,2
T0002446,2024-02-08,I007,Croissant,1
T0002447,2024-02-08,I007,Croissant,1
T0002448,2024-02-08,I007,Croissant,1
T0002449,2024-02-08,I007,Croissant,2
T0002450,2024-02-08,I007,Croissant,2
T0002451,2024-02-08,I007,Croissant,1
T0002452,2024-02-08,I007,Croissant,2
T0002453,2024-02-08,I007,Croissant,1
T0002454,2024-02-08,I008,Sandwich,1
T0002455,2024-02-08,I008,Sandwich,2
T0002456,2024-02-08,I008,Sandwich,1
T0002457,2024-02-08,I008,Sandwich,2
T0002458,2024-02-08,I008,Sandwich,1
T0002459,2024-02-08,I008,Sandwich,1
T0002460,2024-02-08,I008,Sandwich,1
T0002461,2024-02-08,I008,Sandwich,1
T0002462,2024-02-08,I008,Sandwich,1
T0002463,2024-02-08,I008,Sandwich,1
T0002464,2024-02-08,I008,Sandwich,1
T0002465,2024-02-08,I008,Sandwich,1
T0002466,2024-02-08,I008,Sandwich,3
T0002467,2024-02-08,I008,Sandwich,3
T0002468,2024-02-09,I001,Espresso,1
T0002469,2024-02-09,I001,Espresso,2
T0002470,2024-02-09,I001,Espresso,1
T0002471,2024-02-09,I001,Espresso,1
T0002472,2024-02-09,I001,Espresso,2
T0002473,2024-02-09,I001,Espresso,3
T0002474,2024-02-09,I001,Espresso,1
T0002475,2024-02-09,I001,Espresso,2
T0002476,2024-02-09,I001,Espresso,1
T0002477,2024-02-09,I001,Espresso,3
T0002478,2024-02-09,I002,Latte,1
T0002479,2024-02-09,I002,Latte,1
T0002480,2024-02-09,I002,Latte,1
T0002481,2024-02-09,I002,Latte,3
T0002482,2024-02-09,I002,Latte,1
T0002483,2024-02-09,I002,Latte,1
T0002484,2024-02-09,I002,Latte,1
T0002485,2024-02-09,I002,Latte,1
T0002486,2024-02-09,I002,Latte,1
T0002487,2024-02-09,I002,Latte,1
T0002488,2024-02-09,I003,Cappuccino,1
T0002489,2024-02-09,I003,Cappuccino,1
T0002490,2024-02-09,I003,Cappuccino,1
T0002491,2024-02-09,I003,Cappuccino,2
T0002492,2024-02-09,I003,Cappuccino,2
T0002493,2024-02-09,I003,Cappuccino,1
T0002494,2024-02-09,I003,Cappuccino,1
T0002495,2024-02-09,I004,Americano,1
T0002496,2024-02-09,I004,Americano,1
T0002497,2024-02-09,I004,Americano,1
T0002498,2024-02-09,I004,Americano,2
T0002499,2024-02-09,I004,Americano,3
T0002500,2024-02-09,I004,Americano,1
T0002501,2024-02-09,I004,Americano,1
T0002502,2024-02-09,I004,Americano,2
T0002503,2024-02-09,I004,Americano,3
T0002504,2024-02-09,I004,Americano,1
T0002505,2024-02-09,I005,Green Tea,1
T0002506,2024-02-09,I005,Green Tea,1
T0002507,2024-02-09,I005,Green Tea,1
T0002508,2024-02-09,I005,Green Tea,1
T0002509,2024-02-09,I005,Green Tea,1
T0002510,2024-02-09,I005,Green Tea,1
T0002511,2024-02-09,I005,Green Tea,1
T0002512,2024-02-09,I005,Green Tea,2
T0002513,2024-02-09,I005,Green Tea,1
T0002514,2024-02-09,I005,Green Tea,1
T0002515,2024-02-09,I006,Muffin,3
T0002516,2024-02-09,I006,Muffin,1
T0002517,2024-02-09,I006,Muffin,1
T0002518,2024-02-09,I006,Muffin,2
T0002519,2024-02-09,I006,Muffin,1
T0002520,2024-02-09,I007,Croissant,2
T0002521,2024-02-09,I007,Croissant,1
T0002522,2024-02-09,I007,Croissant,1
T0002523,2024-02-09,I007,Croissant,1
T0002524,2024-02-09,I007,Croissant,1
T0002525,2024-02-09,I007,Croissant,2
T0002526,2024-02-09,I007,Croissant,2
T0002527,2024-02-09,I007,Croissant,1
T0002528,2024-02-09,I007,Croissant,1
T0002529,2024-02-09,I007,Croissant,2
T0002530,2024-02-09,I007,Croissant,3
T0002531,2024-02-09,I007,Croissant,1
T0002532,2024-02-09,I007,Croissant,1
T0002533,2024-02-09,I008,Sandwich,1
T0002534,2024-02-09,I008,Sandwich,1
T0002535,2024-02-09,I008,Sandwich,2
T0002536,2024-02-09,I008,Sandwich,1
T0002537,2024-02-09,I008,Sandwich,1
T0002538,2024-02-09,I008,Sandwich,1
T0002539,2024-02-09,I008,Sandwich,1
T0002540,2024-02-09,I008,Sandwich,1
T0002541,2024-02-09,I008,Sandwich,1
T0002542,2024-02-09,I008,Sandwich,1
T0002543,2024-02-09,I008,Sandwich,1
T0002544,2024-02-09,I008,Sandwich,2
T0002545,2024-02-09,I008,Sandwich,2
T0002546,2024-02-09,I008,Sandwich,1
T0002547,2024-02-09,I008,Sandwich,1
T0002548,2024-02-10,I001,Espresso,1
T0002549,2024-02-10,I001,Espresso,1
T0002550,2024-02-10,I001,Espresso,1
T0002551,2024-02-10,I001,Espresso,1
T0002552,2024-02-10,I001,Espresso,1
T0002553,2024-02-10,I001,Espresso,1
T0002554,2024-02-10,I001,Espresso,1
T0002555,2024-02-10,I001,Espresso,1
T0002556,2024-02-10,I001,Espresso,1
T0002557,2024-02-10,I001,Espresso,1
T0002558,2024-02-10,I001,Espresso,1
T0002559,2024-02-10,I001,Espresso,2
T0002560,2024-02-10,I002,Latte,1
T0002561,2024-02-10,I002,Latte,1
T0002562,2024-02-10,I002,Latte,1
T0002563,2024-02-10,I002,Latte,1
T0002564,2024-02-10,I002,Latte,2
T0002565,2024-02-10,I002,Latte,1
T0002566,2024-02-10,I002,Latte,2
T0002567,2024-02-10,I002,Latte,1
T0002568,2024-02-10,I002,Latte,1
T0002569,2024-02-10,I002,Latte,2
T0002570,2024-02-10,I002,Latte,1
T0002571,2024-02-10,I002,Latte,1
T0002572,2024-02-10,I002,Latte,1
T0002573,2024-02-10,I002,Latte,1
T0002574,2024-02-10,I002,Latte,3
T0002575,2024-02-10,I002,Latte,1
T0002576,2024-02-10,I003,Cappuccino,3
T0002577,2024-02-10,I003,Cappuccino,3
T0002578,2024-02-10,I003,Cappuccino,2
T0002579,2024-02-10,I003,Cappuccino,1
T0002580,2024-02-10,I003,Cappuccino,1
T0002581,2024-02-10,I003,Cappuccino,2
T0002582,2024-02-10,I003,Cappuccino,1
T0002583,2024-02-10,I003,Cappuccino,1
T0002584,2024-02-10,I003,Cappuccino,1
T0002585,2024-02-10,I003,Cappuccino,1
T0002586,2024-02-10,I003,Cappuccino,1
T0002587,2024-02-10,I003,Cappuccino,1
T0002588,2024-02-10,I003,Cappuccino,1
T0002589,2024-02-10,I004,Americano,3
T0002590,2024-02-10,I004,Americano,1
T0002591,2024-02-10,I004,Americano,2
T0002592,2024-02-10,I004,Americano,1
T0002593,2024-02-10,I004,Americano,2
T0002594,2024-02-10,I004,Americano,1
T0002595,2024-02-10,I004,Americano,2
T0002596,2024-02-10,I004,Americano,1
T0002597,2024-02-10,I004,Americano,2
T0002598,2024-02-10,I004,Americano,3
T0002599,2024-02-10,I004,Americano,1
T0002600,2024-02-10,I005,Green Tea,1
T0002601,2024-02-10,I005,Green Tea,2
T0002602,2024-02-10,I005,Green Tea,1
T0002603,2024-02-10,I005,Green Tea,2
T0002604,2024-02-10,I005,Green Tea,1
T0002605,2024-02-10,I005,Green Tea,1
T0002606,2024-02-10,I005,Green Tea,3
T0002607,2024-02-10,I005,Green Tea,1
T0002608,2024-02-10,I005,Green Tea,2
T0002609,2024-02-10,I005,Green Tea,1
T0002610,2024-02-10,I006,Muffin,1
T0002611,2024-02-10,I006,Muffin,1
T0002612,2024-02-10,I006,Muffin,1
T0002613,2024-02-10,I006,Muffin,1
T0002614,2024-02-10,I006,Muffin,1
T0002615,2024-02-10,I006,Muffin,2
T0002616,2024-02-10,I006,Muffin,1
T0002617,2024-02-10,I006,Muffin,1
T0002618,2024-02-10,I006,Muffin,1
T0002619,2024-02-10,I006,Muffin,1
T0002620,2024-02-10,I006,Muffin,2
T0002621,2024-02-10,I006,Muffin,1
T0002622,2024-02-10,I006,Muffin,1
T0002623,2024-02-10,I007,Croissant,1
T0002624,2024-02-10,I007,Croissant,1
T0002625,2024-02-10,I007,Croissant,2
T0002626,2024-02-10,I007,Croissant,1
T0002627,2024-02-10,I007,Croissant,2
T0002628,2024-02-10,I007,Croissant,1
T0002629,2024-02-10,I007,Croissant,1
T0002630,2024-02-10,I007,Croissant,3
T0002631,2024-02-10,I007,Croissant,1
T0002632,2024-02-10,I007,Croissant,1
T0002633,2024-02-10,I007,Croissant,1
T0002634,2024-02-10,I007,Croissant,1
T0002635,2024-02-10,I007,Croissant,1
T0002636,2024-02-10,I007,Croissant,1
T0002637,2024-02-10,I007,Croissant,1
T0002638,2024-02-10,I007,Croissant,1
T0002639,2024-02-10,I007,Croissant,1
T0002640,2024-02-10,I008,Sandwich,1
T0002641,2024-02-10,I008,Sandwich,3
T0002642,2024-02-10,I008,Sandwich,1
T0002643,2024-02-10,I008,Sandwich,2
T0002644,2024-02-10,I008,Sandwich,1
T0002645,2024-02-10,I008,Sandwich,1
T0002646,2024-02-10,I008,Sandwich,1
T0002647,2024-02-10,I008,Sandwich,1
T0002648,2024-02-10,I008,Sandwich,1
T0002649,2024-02-10,I008,Sandwich,1
T0002650,2024-02-10,I008,Sandwich,1
T0002651,2024-02-10,I008,Sandwich,2
T0002652,2024-02-10,I008,Sandwich,1
T0002653,2024-02-10,I008,Sandwich,1
T0002654,2024-02-10,I008,Sandwich,2
T0002655,2024-02-10,I008,Sandwich,1
T0002656,2024-02-11,I001,Espresso,1
T0002657,2024-02-11,I001,Espresso,1
T0002658,2024-02-11,I001,Espresso,2
T0002659,2024-02-11,I001,Espresso,2
T0002660,2024-02-11,I001,Espresso,1
T0002661,2024-02-11,I001,Espresso,1
T0002662,2024-02-11,I001,Espresso,3
T0002663,2024-02-11,I001,Espresso,1
T0002664,2024-02-11,I001,Espresso,1
T0002665,2024-02-11,I002,Latte,1
T0002666,2024-02-11,I002,Latte,1
T0002667,2024-02-11,I002,Latte,1
T0002668,2024-02-11,I002,Latte,1
T0002669,2024-02-11,I002,Latte,2
T0002670,2024-02-11,I002,Latte,1
T0002671,2024-02-11,I002,Latte,1
T0002672,2024-02-11,I002,Latte,1
T0002673,2024-02-11,I002,Latte,1
T0002674,2024-02-11,I002,Latte,1
T0002675,2024-02-11,I002,Latte,1
T0002676,2024-02-11,I003,Cappuccino,2
T0002677,2024-02-11,I003,Cappuccino,2
T0002678,2024-02-11,I003,Cappuccino,1
T0002679,2024-02-11,I003,Cappuccino,1
T0002680,2024-02-11,I003,Cappuccino,1
T0002681,2024-02-11,I003,Cappuccino,2
T0002682,2024-02-11,I003,Cappuccino,2
T0002683,2024-02-11,I003,Cappuccino,1
T0002684,2024-02-11,I003,Cappuccino,1
T0002685,2024-02-11,I004,Americano,1
T0002686,2024-02-11,I004,Americano,1
T0002687,2024-02-11,I004,Americano,1
T0002688,2024-02-11,I004,Americano,2
T0002689,2024-02-11,I004,Americano,3
T0002690,2024-02-11,I004,Americano,1
T0002691,2024-02-11,I004,Americano,1
T0002692,2024-02-11,I004,Americano,1
T0002693,2024-02-11,I004,Americano,1
T0002694,2024-02-11,I005,Green Tea,1
T0002695,2024-02-11,I005,Green Tea,1
T0002696,2024-02-11,I005,Green Tea,1
T0002697,2024-02-11,I005,Green Tea,1
T0002698,2024-02-11,I005,Green Tea,1
T0002699,2024-02-11,I005,Green Tea,1
T0002700,2024-02-11,I005,Green Tea,1
T0002701,2024-02-11,I005,Green Tea,1
T0002702,2024-02-11,I005,Green Tea,3
T0002703,2024-02-11,I005,Green Tea,1
T0002704,2024-02-11,I005,Green Tea,1
T0002705,2024-02-11,I006,Muffin,1
T0002706,2024-02-11,I006,Muffin,1
T0002707,2024-02-11,I006,Muffin,1
T0002708,2024-02-11,I006,Muffin,1
T0002709,2024-02-11,I006,Muffin,1
T0002710,2024-02-11,I006,Muffin,1
T0002711,2024-02-11,I006,Muffin,1
T0002712,2024-02-11,I006,Muffin,1
T0002713,2024-02-11,I006,Muffin,1
T0002714,2024-02-11,I006,Muffin,1
T0002715,2024-02-11,I006,Muffin,1
T0002716,2024-02-11,I006,Muffin,2
T0002717,2024-02-11,I006,Muffin,2
T0002718,2024-02-11,I007,Croissant,2
T0002719,2024-02-11,I007,Croissant,1
T0002720,2024-02-11,I007,Croissant,2
T0002721,2024-02-11,I007,Croissant,1
T0002722,2024-02-11,I007,Croissant,1
T0002723,2024-02-11,I007,Croissant,1
T0002724,2024-02-11,I007,Croissant,1
T0002725,2024-02-11,I007,Croissant,1
T0002726,2024-02-11,I007,Croissant,1
T0002727,2024-02-11,I007,Croissant,2
T0002728,2024-02-11,I007,Croissant,1
T0002729,2024-02-11,I007,Croissant,1
T0002730,2024-02-11,I007,Croissant,3
T0002731,2024-02-11,I007,Croissant,1
T0002732,2024-02-11,I008,Sandwich,1
T0002733,2024-02-11,I008,Sandwich,1
T0002734,2024-02-11,I008,Sandwich,1
T0002735,2024-02-11,I008,Sandwich,1
T0002736,2024-02-11,I008,Sandwich,1
T0002737,2024-02-11,I008,Sandwich,1
T0002738,2024-02-11,I008,Sandwich,1
T0002739,2024-02-11,I008,Sandwich,1
T0002740,2024-02-11,I008,Sandwich,2
T0002741,2024-02-11,I008,Sandwich,1
T0002742,2024-02-11,I008,Sandwich,1
T0002743,2024-02-11,I008,Sandwich,1
T0002744,2024-02-11,I008,Sandwich,1
T0002745,2024-02-11,I008,Sandwich,1
T0002746,2024-02-11,I008,Sandwich,1
T0002747,2024-02-11,I008,Sandwich,2
T0002748,2024-02-11,I008,Sandwich,2
T0002749,2024-02-11,I008,Sandwich,1
T0002750,2024-02-11,I008,Sandwich,2
T0002751,2024-02-11,I008,Sandwich,1
T0002752,2024-02-11,I008,Sandwich,1
T0002753,2024-02-11,I008,Sandwich,1
T0002754,2024-02-11,I008,Sandwich,1
T0002755,2024-02-12,I001,Espresso,2
T0002756,2024-02-12,I001,Espresso,1
T0002757,2024-02-12,I001,Espresso,1
T0002758,2024-02-12,I001,Espresso,2
T0002759,2024-02-12,I001,Espresso,1
T0002760,2024-02-12,I001,Espresso,1
T0002761,2024-02-12,I002,Latte,1
T0002762,2024-02-12,I002,Latte,1
T0002763,2024-02-12,I002,Latte,2
T0002764,2024-02-12,I002,Latte,1
T0002765,2024-02-12,I002,Latte,1
T0002766,2024-02-12,I002,Latte,3
T0002767,2024-02-12,I002,Latte,1
T0002768,2024-02-12,I003,Cappuccino,1
T0002769,2024-02-12,I003,Cappuccino,1
T0002770,2024-02-12,I003,Cappuccino,3
T0002771,2024-02-12,I003,Cappuccino,1
T0002772,2024-02-12,I003,Cappuccino,1
T0002773,2024-02-12,I003,Cappuccino,1
T0002774,2024-02-12,I003,Cappuccino,1
T0002775,2024-02-12,I003,Cappuccino,1
T0002776,2024-02-12,I003,Cappuccino,1
T0002777,2024-02-12,I003,Cappuccino,3
T0002778,2024-02-12,I004,Americano,1
T0002779,2024-02-12,I004,Americano,1
T0002780,2024-02-12,I004,Americano,2
T0002781,2024-02-12,I004,Americano,1
T0002782,2024-02-12,I005,Green Tea,1
T0002783,2024-02-12,I005,Green Tea,1
T0002784,2024-02-12,I005,Green Tea,1
T0002785,2024-02-12,I005,Green Tea,1
T0002786,2024-02-12,I005,Green Tea,1
T0002787,2024-02-12,I006,Muffin,1
T0002788,2024-02-12,I006,Muffin,1
T0002789,2024-02-12,I006,Muffin,1
T0002790,2024-02-12,I006,Muffin,1
T0002791,2024-02-12,I006,Muffin,1
T0002792,2024-02-12,I006,Muffin,1
T0002793,2024-02-12,I006,Muffin,1
T0002794,2024-02-12,I006,Muffin,1
T0002795,2024-02-12,I006,Muffin,1
T0002796,2024-02-12,I007,Croissant,2
T0002797,2024-02-12,I007,Croissant,1
T0002798,2024-02-12,I007,Croissant,1
T0002799,2024-02-12,I007,Croissant,1
T0002800,2024-02-12,I007,Croissant,1
T0002801,2024-02-12,I007,Croissant,2
T0002802,2024-02-12,I007,Croissant,1
T0002803,2024-02-12,I007,Croissant,1
T0002804,2024-02-12,I007,Croissant,2
T0002805,2024-02-12,I007,Croissant,1
T0002806,2024-02-12,I008,Sandwich,2
T0002807,2024-02-12,I008,Sandwich,1
T0002808,2024-02-12,I008,Sandwich,1
T0002809,2024-02-12,I008,Sandwich,1
T0002810,2024-02-12,I008,Sandwich,1
T0002811,2024-02-12,I008,Sandwich,1
T0002812,2024-02-12,I008,Sandwich,1
T0002813,2024-02-12,I008,Sandwich,1
T0002814,2024-02-12,I008,Sandwich,3
T0002815,2024-02-12,I008,Sandwich,2
T0002816,2024-02-12,I008,Sandwich,1
T0002817,2024-02-12,I008,Sandwich,2
T0002818,2024-02-12,I008,Sandwich,1
T0002819,2024-02-12,I008,Sandwich,1
T0002820,2024-02-13,I001,Espresso,1
T0002821,2024-02-13,I001,Espresso,2
T0002822,2024-02-13,I001,Espresso,2
T0002823,2024-02-13,I001,Espresso,1
T0002824,2024-02-13,I001,Espresso,3
T0002825,2024-02-13,I002,Latte,1
T0002826,2024-02-13,I002,Latte,3
T0002827,2024-02-13,I002,Latte,1
T0002828,2024-02-13,I002,Latte,1
T0002829,2024-02-13,I002,Latte,2
T0002830,2024-02-13,I002,Latte,3
T0002831,2024-02-13,I002,Latte,1
T0002832,2024-02-13,I002,Latte,3
T0002833,2024-02-13,I002,Latte,1
T0002834,2024-02-13,I003,Cappuccino,2
T0002835,2024-02-13,I003,Cappuccino,1
T0002836,2024-02-13,I004,Americano,1
T0002837,2024-02-13,I004,Americano,1
T0002838,2024-02-13,I004,Americano,1
T0002839,2024-02-13,I004,Americano,1
T0002840,2024-02-13,I004,Americano,2
T0002841,2024-02-13,I004,Americano,1
T0002842,2024-02-13,I004,Americano,1
T0002843,2024-02-13,I005,Green Tea,1
T0002844,2024-02-13,I005,Green Tea,1
T0002845,2024-02-13,I005,Green Tea,2
T0002846,2024-02-13,I005,Green Tea,2
T0002847,2024-02-13,I006,Muffin,2
T0002848,2024-02-13,I006,Muffin,1
T0002849,2024-02-13,I006,Muffin,2
T0002850,2024-02-13,I006,Muffin,1
T0002851,2024-02-13,I007,Croissant,2
T0002852,2024-02-13,I007,Croissant,1
T0002853,2024-02-13,I007,Croissant,1
T0002854,2024-02-13,I007,Croissant,3
T0002855,2024-02-13,I007,Croissant,1
T0002856,2024-02-13,I007,Croissant,1
T0002857,2024-02-13,I007,Croissant,1
T0002858,2024-02-13,I007,Croissant,1
T0002859,2024-02-13,I007,Croissant,1
T0002860,2024-02-13,I007,Croissant,1
T0002861,2024-02-13,I007,Croissant,1
T0002862,2024-02-13,I007,Croissant,1
T0002863,2024-02-13,I008,Sandwich,1
T0002864,2024-02-13,I008,Sandwich,1
T0002865,2024-02-13,I008,Sandwich,1
T0002866,2024-02-13,I008,Sandwich,1
T0002867,2024-02-13,I008,Sandwich,1
T0002868,2024-02-13,I008,Sandwich,1
T0002869,2024-02-13,I008,Sandwich,1
T0002870,2024-02-13,I008,Sandwich,1
T0002871,2024-02-13,I008,Sandwich,1
T0002872,2024-02-13,I008,Sandwich,1
T0002873,2024-02-13,I008,Sandwich,1
T0002874,2024-02-13,I008,Sandwich,1
T0002875,2024-02-13,I008,Sandwich,1
T0002876,2024-02-13,I008,Sandwich,2
T0002877,2024-02-14,I001,Espresso,1
T0002878,2024-02-14,I001,Espresso,1
T0002879,2024-02-14,I001,Espresso,1
T0002880,2024-02-14,I001,Espresso,1
T0002881,2024-02-14,I001,Espresso,1
T0002882,2024-02-14,I001,Espresso,1
T0002883,2024-02-14,I001,Espresso,2
T0002884,2024-02-14,I002,Latte,1
T0002885,2024-02-14,I002,Latte,1
T0002886,2024-02-14,I002,Latte,1
T0002887,2024-02-14,I003,Cappuccino,1
T0002888,2024-02-14,I003,Cappuccino,1
T0002889,2024-02-14,I003,Cappuccino,1
T0002890,2024-02-14,I003,Cappuccino,1
T0002891,2024-02-14,I004,Americano,1
T0002892,2024-02-14,I004,Americano,1
T0002893,2024-02-14,I004,Americano,1
T0002894,2024-02-14,I004,Americano,1
T0002895,2024-02-14,I004,Americano,1
T0002896,2024-02-14,I005,Green Tea,1
T0002897,2024-02-14,I005,Green Tea,3
T0002898,2024-02-14,I005,Green Tea,1
T0002899,2024-02-14,I005,Green Tea,3
T0002900,2024-02-14,I005,Green Tea,1
T0002901,2024-02-14,I006,Muffin,1
T0002902,2024-02-14,I006,Muffin,1
T0002903,2024-02-14,I006,Muffin,1
T0002904,2024-02-14,I006,Muffin,1
T0002905,2024-02-14,I006,Muffin,1
T0002906,2024-02-14,I006,Muffin,1
T0002907,2024-02-14,I006,Muffin,1
T0002908,2024-02-14,I006,Muffin,1
T0002909,2024-02-14,I006,Muffin,1
T0002910,2024-02-14,I006,Muffin,1
T0002911,2024-02-14,I007,Croissant,1
T0002912,2024-02-14,I007,Croissant,3
T0002913,2024-02-14,I007,Croissant,1
T0002914,2024-02-14,I007,Croissant,2
T0002915,2024-02-14,I007,Croissant,1
T0002916,2024-02-14,I008,Sandwich,1
T0002917,2024-02-14,I008,Sandwich,1
T0002918,2024-02-14,I008,Sandwich,2
T0002919,2024-02-14,I008,Sandwich,1
T0002920,2024-02-14,I008,Sandwich,1
T0002921,2024-02-14,I008,Sandwich,1
T0002922,2024-02-14,I008,Sandwich,3
T0002923,2024-02-14,I008,Sandwich,1
T0002924,2024-02-14,I008,Sandwich,1
T0002925,2024-02-14,I008,Sandwich,1
T0002926,2024-02-14,I008,Sandwich,2
T0002927,2024-02-14,I008,Sandwich,3
T0002928,2024-02-15,I001,Espresso,1
T0002929,2024-02-15,I001,Espresso,2
T0002930,2024-02-15,I001,Espresso,2
T0002931,2024-02-15,I001,Espresso,1
T0002932,2024-02-15,I001,Espresso,1
T0002933,2024-02-15,I002,Latte,1
T0002934,2024-02-15,I002,Latte,2
T0002935,2024-02-15,I002,Latte,1
T0002936,2024-02-15,I002,Latte,2
T0002937,2024-02-15,I002,Latte,1
T0002938,2024-02-15,I002,Latte,1
T0002939,2024-02-15,I002,Latte,2
T0002940,2024-02-15,I003,Cappuccino,2
T0002941,2024-02-15,I003,Cappuccino,2
T0002942,2024-02-15,I003,Cappuccino,1
T0002943,2024-02-15,I003,Cappuccino,1
T0002944,2024-02-15,I003,Cappuccino,1
T0002945,2024-02-15,I003,Cappuccino,1
T0002946,2024-02-15,I004,Americano,1
T0002947,2024-02-15,I004,Americano,3
T0002948,2024-02-15,I004,Americano,1
T0002949,2024-02-15,I005,Green Tea,1
T0002950,2024-02-15,I005,Green Tea,1
T0002951,2024-02-15,I005,Green Tea,1
T0002952,2024-02-15,I005,Green Tea,1
T0002953,2024-02-15,I005,Green Tea,3
T0002954,2024-02-15,I005,Green Tea,2
T0002955,2024-02-15,I005,Green Tea,2
T0002956,2024-02-15,I005,Green Tea,3
T0002957,2024-02-15,I006,Muffin,1
T0002958,2024-02-15,I006,Muffin,1
T0002959,2024-02-15,I006,Muffin,1
T0002960,2024-02-15,I006,Muffin,1
T0002961,2024-02-15,I006,Muffin,1
T0002962,2024-02-15,I006,Muffin,1
T0002963,2024-02-15,I006,Muffin,1
T0002964,2024-02-15,I007,Croissant,1
T0002965,2024-02-15,I007,Croissant,1
T0002966,2024-02-15,I007,Croissant,1
T0002967,2024-02-15,I007,Croissant,1
T0002968,2024-02-15,I007,Croissant,2
T0002969,2024-02-15,I007,Croissant,1
T0002970,2024-02-15,I007,Croissant,1
T0002971,2024-02-15,I008,Sandwich,1
T0002972,2024-02-15,I008,Sandwich,1
T0002973,2024-02-15,I008,Sandwich,1
T0002974,2024-02-15,I008,Sandwich,2
T0002975,2024-02-15,I008,Sandwich,2
T0002976,2024-02-15,I008,Sandwich,1
T0002977,2024-02-15,I008,Sandwich,1
T0002978,2024-02-15,I008,Sandwich,1
T0002979,2024-02-15,I008,Sandwich,1
T0002980,2024-02-15,I008,Sandwich,1
T0002981,2024-02-15,I008,Sandwich,1
T0002982,2024-02-15,I008,Sandwich,1
T0002983,2024-02-15,I008,Sandwich,1
T0002984,2024-02-15,I008,Sandwich,1
T0002985,2024-02-15,I008,Sandwich,1
T0002986,2024-02-16,I001,Espresso,1
T0002987,2024-02-16,I001,Espresso,2
T0002988,2024-02-16,I001,Espresso,1
T0002989,2024-02-16,I001,Espresso,1
T0002990,2024-02-16,I001,Espresso,3
T0002991,2024-02-16,I001,Espresso,1
T0002992,2024-02-16,I001,Espresso,1
T0002993,2024-02-16,I001,Espresso,1
T0002994,2024-02-16,I001,Espresso,1
T0002995,2024-02-16,I001,Espresso,1
T0002996,2024-02-16,I002,Latte,2
T0002997,2024-02-16,I002,Latte,1
T0002998,2024-02-16,I002,Latte,1
T0002999,2024-02-16,I002,Latte,2
T0003000,2024-02-16,I002,Latte,1
T0003001,2024-02-16,I002,Latte,2
T0003002,2024-02-16,I002,Latte,1
T0003003,2024-02-16,I002,Latte,2
T0003004,2024-02-16,I002,Latte,1
T0003005,2024-02-16,I003,Cappuccino,2
T0003006,2024-02-16,I003,Cappuccino,2
T0003007,2024-02-16,I004,Americano,1
T0003008,2024-02-16,I004,Americano,1
T0003009,2024-02-16,I004,Americano,1
T0003010,2024-02-16,I004,Americano,1
T0003011,2024-02-16,I004,Americano,1
T0003012,2024-02-16,I005,Green Tea,1
T0003013,2024-02-16,I005,Green Tea,1
T0003014,2024-02-16,I005,Green Tea,1
T0003015,2024-02-16,I005,Green Tea,1
T0003016,2024-02-16,I005,Green Tea,1
T0003017,2024-02-16,I005,Green Tea,1
T0003018,2024-02-16,I005,Green Tea,1
T0003019,2024-02-16,I006,Muffin,1
T0003020,2024-02-16,I006,Muffin,2
T0003021,2024-02-16,I006,Muffin,1
T0003022,2024-02-16,I006,Muffin,1
T0003023,2024-02-16,I006,Muffin,1
T0003024,2024-02-16,I006,Muffin,2
T0003025,2024-02-16,I006,Muffin,3
T0003026,2024-02-16,I007,Croissant,1
T0003027,2024-02-16,I007,Croissant,1
T0003028,2024-02-16,I007,Croissant,2
T0003029,2024-02-16,I007,Croissant,1
T0003030,2024-02-16,I007,Croissant,1
T0003031,2024-02-16,I007,Croissant,1
T0003032,2024-02-16,I007,Croissant,1
T0003033,2024-02-16,I007,Croissant,3
T0003034,2024-02-16,I008,Sandwich,1
T0003035,2024-02-16,I008,Sandwich,1
T0003036,2024-02-16,I008,Sandwich,2
T0003037,2024-02-16,I008,Sandwich,1
T0003038,2024-02-16,I008,Sandwich,1
T0003039,2024-02-16,I008,Sandwich,1
T0003040,2024-02-16,I008,Sandwich,2
T0003041,2024-02-16,I008,Sandwich,1
T0003042,2024-02-16,I008,Sandwich,1
T0003043,2024-02-16,I008,Sandwich,1
T0003044,2024-02-16,I008,Sandwich,2
T0003045,2024-02-16,I008,Sandwich,2
T0003046,2024-02-16,I008,Sandwich,1
T0003047,2024-02-16,I008,Sandwich,1
T0003048,2024-02-16,I008,Sandwich,1
T0003049,2024-02-17,I001,Espresso,3
T0003050,2024-02-17,I001,Espresso,1
T0003051,2024-02-17,I001,Espresso,3
T0003052,2024-02-17,I001,Espresso,1
T0003053,2024-02-17,I001,Espresso,2
T0003054,2024-02-17,I001,Espresso,2
T0003055,2024-02-17,I001,Espresso,1
T0003056,2024-02-17,I001,Espresso,3
T0003057,2024-02-17,I001,Espresso,1
T0003058,2024-02-17,I001,Espresso,1
T0003059,2024-02-17,I001,Espresso,1
T0003060,2024-02-17,I001,Espresso,2
T0003061,2024-02-17,I001,Espresso,1
T0003062,2024-02-17,I001,Espresso,1
T0003063,2024-02-17,I001,Espresso,1
T0003064,2024-02-17,I002,Latte,1
T0003065,2024-02-17,I002,Latte,2
T0003066,2024-02-17,I002,Latte,1
T0003067,2024-02-17,I002,Latte,1
T0003068,2024-02-17,I002,Latte,1
T0003069,2024-02-17,I002,Latte,1
T0003070,2024-02-17,I002,Latte,2
T0003071,2024-02-17,I002,Latte,2
T0003072,2024-02-17,I002,Latte,1
T0003073,2024-02-17,I002,Latte,2
T0003074,2024-02-17,I002,Latte,2
T0003075,2024-02-17,I002,Latte,2
T0003076,2024-02-17,I002,Latte,1
T0003077,2024-02-17,I002,Latte,3
T0003078,2024-02-17,I002,Latte,1
T0003079,2024-02-17,I002,Latte,1
T0003080,2024-02-17,I002,Latte,1
T0003081,2024-02-17,I002,Latte,1
T0003082,2024-02-17,I002,Latte,1
T0003083,2024-02-17,I002,Latte,1
T0003084,2024-02-17,I002,Latte,1
T0003085,2024-02-17,I003,Cappuccino,2
T0003086,2024-02-17,I003,Cappuccino,2
T0003087,2024-02-17,I003,Cappuccino,1
T0003088,2024-02-17,I003,Cappuccino,2
T0003089,2024-02-17,I003,Cappuccino,2
T0003090,2024-02-17,I003,Cappuccino,2
T0003091,2024-02-17,I003,Cappuccino,1
T0003092,2024-02-17,I003,Cappuccino,1
T0003093,2024-02-17,I003,Cappuccino,3
T0003094,2024-02-17,I003,Cappuccino,1
T0003095,2024-02-17,I003,Cappuccino,1
T0003096,2024-02-17,I004,Americano,1
T0003097,2024-02-17,I004,Americano,1
T0003098,2024-02-17,I004,Americano,1
T0003099,2024-02-17,I004,Americano,2
T0003100,2024-02-17,I004,Americano,2
T0003101,2024-02-17,I004,Americano,1
T0003102,2024-02-17,I004,Americano,3
T0003103,2024-02-17,I004,Americano,1
T0003104,2024-02-17,I004,Americano,1
T0003105,2024-02-17,I004,Americano,2
T0003106,2024-02-17,I004,Americano,2
T0003107,2024-02-17,I004,Americano,3
T0003108,2024-02-17,I004,Americano,1
T0003109,2024-02-17,I004,Americano,2
T0003110,2024-02-17,I004,Americano,1
T0003111,2024-02-17,I004,Americano,2
T0003112,2024-02-17,I004,Americano,2
T0003113,2024-02-17,I005,Green Tea,1
T0003114,2024-02-17,I005,Green Tea,1
T0003115,2024-02-17,I005,Green Tea,2
T0003116,2024-02-17,I005,Green Tea,1
T0003117,2024-02-17,I005,Green Tea,1
T0003118,2024-02-17,I005,Green Tea,2
T0003119,2024-02-17,I005,Green Tea,1
T0003120,2024-02-17,I005,Green Tea,2
T0003121,2024-02-17,I005,Green Tea,1
T0003122,2024-02-17,I005,Green Tea,1
T0003123,2024-02-17,I006,Muffin,1
T0003124,2024-02-17,I006,Muffin,2
T0003125,2024-02-17,I006,Muffin,1
T0003126,2024-02-17,I006,Muffin,1
T0003127,2024-02-17,I006,Muffin,1
T0003128,2024-02-17,I006,Muffin,2
T0003129,2024-02-17,I006,Muffin,2
T0003130,2024-02-17,I006,Muffin,2
T0003131,2024-02-17,I006,Muffin,1
T0003132,2024-02-17,I006,Muffin,2
T0003133,2024-02-17,I006,Muffin,1
T0003134,2024-02-17,I007,Croissant,1
T0003135,2024-02-17,I007,Croissant,1
T0003136,2024-02-17,I007,Croissant,2
T0003137,2024-02-17,I007,Croissant,2
T0003138,2024-02-17,I007,Croissant,1
T0003139,2024-02-17,I007,Croissant,1
T0003140,2024-02-17,I007,Croissant,2
T0003141,2024-02-17,I007,Croissant,1
T0003142,2024-02-17,I007,Croissant,3
T0003143,2024-02-17,I007,Croissant,1
T0003144,2024-02-17,I007,Croissant,1
T0003145,2024-02-17,I007,Croissant,1
T0003146,2024-02-17,I007,Croissant,1
T0003147,2024-02-17,I007,Croissant,3
T0003148,2024-02-17,I007,Croissant,1
T0003149,2024-02-17,I007,Croissant,2
T0003150,2024-02-17,I008,Sandwich,1
T0003151,2024-02-17,I008,Sandwich,1
T0003152,2024-02-17,I008,Sandwich,3
T0003153,2024-02-17,I008,Sandwich,1
T0003154,2024-02-17,I008,Sandwich,1
T0003155,2024-02-17,I008,Sandwich,1
T0003156,2024-02-17,I008,Sandwich,1
T0003157,2024-02-17,I008,Sandwich,1
T0003158,2024-02-17,I008,Sandwich,2
T0003159,2024-02-17,I008,Sandwich,1
T0003160,2024-02-17,I008,Sandwich,1
T0003161,2024-02-17,I008,Sandwich,1
T0003162,2024-02-17,I008,Sandwich,3
T0003163,2024-02-17,I008,Sandwich,1
T0003164,2024-02-17,I008,Sandwich,1
T0003165,2024-02-18,I001,Espresso,1
T0003166,2024-02-18,I001,Espresso,1
T0003167,2024-02-18,I001,Espresso,1
T0003168,2024-02-18,I001,Espresso,1
T0003169,2024-02-18,I001,Espresso,2
T0003170,2024-02-18,I001,Espresso,1
T0003171,2024-02-18,I001,Espresso,2
T0003172,2024-02-18,I001,Espresso,1
T0003173,2024-02-18,I001,Espresso,1
T0003174,2024-02-18,I001,Espresso,1
T0003175,2024-02-18,I001,Espresso,1
T0003176,2024-02-18,I001,Espresso,2
T0003177,2024-02-18,I001,Espresso,1
T0003178,2024-02-18,I002,Latte,3
T0003179,2024-02-18,I002,Latte,1
T0003180,2024-02-18,I002,Latte,3
T0003181,2024-02-18,I002,Latte,1
T0003182,2024-02-18,I002,Latte,1
T0003183,2024-02-18,I002,Latte,1
T0003184,2024-02-18,I002,Latte,1
T0003185,2024-02-18,I002,Latte,1
T0003186,2024-02-18,I002,Latte,1
T0003187,2024-02-18,I002,Latte,2
T0003188,2024-02-18,I002,Latte,2
T0003189,2024-02-18,I002,Latte,2
T0003190,2024-02-18,I002,Latte,1
T0003191,2024-02-18,I002,Latte,1
T0003192,2024-02-18,I002,Latte,1
T0003193,2024-02-18,I002,Latte,2
T0003194,2024-02-18,I002,Latte,3
T0003195,2024-02-18,I002,Latte,1
T0003196,2024-02-18,I002,Latte,1
T0003197,2024-02-18,I003,Cappuccino,1
T0003198,2024-02-18,I003,Cappuccino,1
T0003199,2024-02-18,I003,Cappuccino,1
T0003200,2024-02-18,I003,Cappuccino,1
T0003201,2024-02-18,I003,Cappuccino,2
T0003202,2024-02-18,I003,Cappuccino,1
T0003203,2024-02-18,I003,Cappuccino,1
T0003204,2024-02-18,I003,Cappuccino,3
T0003205,2024-02-18,I003,Cappuccino,1
T0003206,2024-02-18,I004,Americano,2
T0003207,2024-02-18,I004,Americano,1
T0003208,2024-02-18,I004,Americano,1
T0003209,2024-02-18,I004,Americano,1
T0003210,2024-02-18,I004,Americano,1
T0003211,2024-02-18,I004,Americano,2
T0003212,2024-02-18,I004,Americano,2
T0003213,2024-02-18,I004,Americano,1
T0003214,2024-02-18,I004,Americano,2
T0003215,2024-02-18,I004,Americano,1
T0003216,2024-02-18,I004,Americano,3
T0003217,2024-02-18,I004,Americano,1
T0003218,2024-02-18,I005,Green Tea,3
T0003219,2024-02-18,I005,Green Tea,2
T0003220,2024-02-18,I005,Green Tea,1
T0003221,2024-02-18,I005,Green Tea,1
T0003222,2024-02-18,I005,Green Tea,3
T0003223,2024-02-18,I005,Green Tea,2
T0003224,2024-02-18,I005,Green Tea,1
T0003225,2024-02-18,I005,Green Tea,2
T0003226,2024-02-18,I006,Muffin,2
T0003227,2024-02-18,I006,Muffin,1
T0003228,2024-02-18,I006,Muffin,2
T0003229,2024-02-18,I006,Muffin,1
T0003230,2024-02-18,I006,Muffin,1
T0003231,2024-02-18,I006,Muffin,1
T0003232,2024-02-18,I006,Muffin,1
T0003233,2024-02-18,I006,Muffin,1
T0003234,2024-02-18,I007,Croissant,1
T0003235,2024-02-18,I007,Croissant,1
T0003236,2024-02-18,I007,Croissant,1
T0003237,2024-02-18,I007,Croissant,1
T0003238,2024-02-18,I007,Croissant,1
T0003239,2024-02-18,I007,Croissant,2
T0003240,2024-02-18,I007,Croissant,2
T0003241,2024-02-18,I007,Croissant,1
T0003242,2024-02-18,I007,Croissant,1
T0003243,2024-02-18,I007,Croissant,1
T0003244,2024-02-18,I007,Croissant,3
T0003245,2024-02-18,I007,Croissant,1
T0003246,2024-02-18,I008,Sandwich,1
T0003247,2024-02-18,I008,Sandwich,1
T0003248,2024-02-18,I008,Sandwich,2
T0003249,2024-02-18,I008,Sandwich,1
T0003250,2024-02-18,I008,Sandwich,1
T0003251,2024-02-18,I008,Sandwich,1
T0003252,2024-02-18,I008,Sandwich,1
T0003253,2024-02-18,I008,Sandwich,2
T0003254,2024-02-18,I008,Sandwich,1
T0003255,2024-02-18,I008,Sandwich,2
T0003256,2024-02-18,I008,Sandwich,1
T0003257,2024-02-18,I008,Sandwich,1
T0003258,2024-02-18,I008,Sandwich,3
T0003259,2024-02-18,I008,Sandwich,1
T0003260,2024-02-18,I008,Sandwich,2
T0003261,2024-02-19,I001,Espresso,1
T0003262,2024-02-19,I002,Latte,3
T0003263,2024-02-19,I002,Latte,2
T0003264,2024-02-19,I002,Latte,2
T0003265,2024-02-19,I002,Latte,2
T0003266,2024-02-19,I002,Latte,1
T0003267,2024-02-19,I003,Cappuccino,1
T0003268,2024-02-19,I003,Cappuccino,1
T0003269,2024-02-19,I003,Cappuccino,1
T0003270,2024-02-19,I003,Cappuccino,1
T0003271,2024-02-19,I004,Americano,1
T0003272,2024-02-19,I004,Americano,1
T0003273,2024-02-19,I004,Americano,1
T0003274,2024-02-19,I004,Americano,1
T0003275,2024-02-19,I005,Green Tea,2
T0003276,2024-02-19,I005,Green Tea,2
T0003277,2024-02-19,I005,Green Tea,1
T0003278,2024-02-19,I005,Green Tea,1
T0003279,2024-02-19,I005,Green Tea,1
T0003280,2024-02-19,I005,Green Tea,1
T0003281,2024-02-19,I006,Muffin,1
T0003282,2024-02-19,I006,Muffin,1
T0003283,2024-02-19,I006,Muffin,3
T0003284,2024-02-19,I006,Muffin,3
T0003285,2024-02-19,I006,Muffin,1
T0003286,2024-02-19,I007,Croissant,1
T0003287,2024-02-19,I007,Croissant,1
T0003288,2024-02-19,I007,Croissant,1
T0003289,2024-02-19,I007,Croissant,3
T0003290,2024-02-19,I007,Croissant,1
T0003291,2024-02-19,I007,Croissant,2
T0003292,2024-02-19,I008,Sandwich,1
T0003293,2024-02-19,I008,Sandwich,1
T0003294,2024-02-19,I008,Sandwich,1
T0003295,2024-02-19,I008,Sandwich,1
T0003296,2024-02-19,I008,Sandwich,3
T0003297,2024-02-19,I008,Sandwich,2
T0003298,2024-02-19,I008,Sandwich,2
T0003299,2024-02-19,I008,Sandwich,1
T0003300,2024-02-19,I008,Sandwich,2
T0003301,2024-02-19,I008,Sandwich,1
T0003302,2024-02-19,I008,Sandwich,1
T0003303,2024-02-19,I008,Sandwich,1
T0003304,2024-02-19,I008,Sandwich,1
T0003305,2024-02-19,I008,Sandwich,1
T0003306,2024-02-19,I008,Sandwich,1
T0003307,2024-02-19,I008,Sandwich,1
T0003308,2024-02-19,I008,Sandwich,2
T0003309,2024-02-20,I001,Espresso,1
T0003310,2024-02-20,I001,Espresso,1
T0003311,2024-02-20,I001,Espresso,1
T0003312,2024-02-20,I001,Espresso,1
T0003313,2024-02-20,I001,Espresso,1
T0003314,2024-02-20,I001,Espresso,1
T0003315,2024-02-20,I001,Espresso,1
T0003316,2024-02-20,I001,Espresso,1
T0003317,2024-02-20,I001,Espresso,1
T0003318,2024-02-20,I002,Latte,1
T0003319,2024-02-20,I002,Latte,2
T0003320,2024-02-20,I002,Latte,1
T0003321,2024-02-20,I002,Latte,1
T0003322,2024-02-20,I002,Latte,2
T0003323,2024-02-20,I002,Latte,1
T0003324,2024-02-20,I002,Latte,1
T0003325,2024-02-20,I002,Latte,1
T0003326,2024-02-20,I002,Latte,1
T0003327,2024-02-20,I002,Latte,1
T0003328,2024-02-20,I002,Latte,1
T0003329,2024-02-20,I002,Latte,1
T0003330,2024-02-20,I002,Latte,1
T0003331,2024-02-20,I003,Cappuccino,1
T0003332,2024-02-20,I003,Cappuccino,1
T0003333,2024-02-20,I003,Cappuccino,1
T0003334,2024-02-20,I003,Cappuccino,1
T0003335,2024-02-20,I003,Cappuccino,1
T0003336,2024-02-20,I003,Cappuccino,2
T0003337,2024-02-20,I003,Cappuccino,1
T0003338,2024-02-20,I003,Cappuccino,1
T0003339,2024-02-20,I003,Cappuccino,1
T0003340,2024-02-20,I003,Cappuccino,1
T0003341,2024-02-20,I003,Cappuccino,3
T0003342,2024-02-20,I004,Americano,1
T0003343,2024-02-20,I004,Americano,2
T0003344,2024-02-20,I004,Americano,1
T0003345,2024-02-20,I004,Americano,1
T0003346,2024-02-20,I004,Americano,1
T0003347,2024-02-20,I004,Americano,1
T0003348,2024-02-20,I004,Americano,2
T0003349,2024-02-20,I004,Americano,1
T0003350,2024-02-20,I004,Americano,1
T0003351,2024-02-20,I004,Americano,2
T0003352,2024-02-20,I005,Green Tea,1
T0003353,2024-02-20,I005,Green Tea,3
T0003354,2024-02-20,I005,Green Tea,2
T0003355,2024-02-20,I005,Green Tea,1
T0003356,2024-02-20,I005,Green Tea,2
T0003357,2024-02-20,I006,Muffin,2
T0003358,2024-02-20,I006,Muffin,2
T0003359,2024-02-20,I006,Muffin,1
T0003360,2024-02-20,I006,Muffin,1
T0003361,2024-02-20,I006,Muffin,3
T0003362,2024-02-20,I007,Croissant,1
T0003363,2024-02-20,I007,Croissant,1
T0003364,2024-02-20,I007,Croissant,1
T0003365,2024-02-20,I007,Croissant,2
T0003366,2024-02-20,I007,Croissant,1
T0003367,2024-02-20,I007,Croissant,2
T0003368,2024-02-20,I007,Croissant,2
T0003369,2024-02-20,I007,Croissant,1
T0003370,2024-02-20,I007,Croissant,1
T0003371,2024-02-20,I007,Croissant,2
T0003372,2024-02-20,I008,Sandwich,3
T0003373,2024-02-20,I008,Sandwich,1
T0003374,2024-02-20,I008,Sandwich,2
T0003375,2024-02-20,I008,Sandwich,2
T0003376,2024-02-20,I008,Sandwich,2
T0003377,2024-02-20,I008,Sandwich,1
T0003378,2024-02-20,I008,Sandwich,1
T0003379,2024-02-20,I008,Sandwich,1
T0003380,2024-02-20,I008,Sandwich,1
T0003381,2024-02-20,I008,Sandwich,1
T0003382,2024-02-20,I008,Sandwich,2
T0003383,2024-02-20,I008,Sandwich,1
T0003384,2024-02-20,I008,Sandwich,1
T0003385,2024-02-20,I008,Sandwich,1
T0003386,2024-02-20,I008,Sandwich,2
T0003387,2024-02-20,I008,Sandwich,1
T0003388,2024-02-21,I001,Espresso,1
T0003389,2024-02-21,I001,Espresso,1
T0003390,2024-02-21,I001,Espresso,2
T0003391,2024-02-21,I001,Espresso,1
T0003392,2024-02-21,I001,Espresso,1
T0003393,2024-02-21,I001,Espresso,3
T0003394,2024-02-21,I001,Espresso,2
T0003395,2024-02-21,I002,Latte,1
T0003396,2024-02-21,I002,Latte,2
T0003397,2024-02-21,I002,Latte,1
T0003398,2024-02-21,I002,Latte,2
T0003399,2024-02-21,I002,Latte,1
T0003400,2024-02-21,I002,Latte,1
T0003401,2024-02-21,I002,Latte,1
T0003402,2024-02-21,I002,Latte,1
T0003403,2024-02-21,I002,Latte,1
T0003404,2024-02-21,I002,Latte,1
T0003405,2024-02-21,I003,Cappuccino,3
T0003406,2024-02-21,I003,Cappuccino,1
T0003407,2024-02-21,I003,Cappuccino,1
T0003408,2024-02-21,I003,Cappuccino,2
T0003409,2024-02-21,I003,Cappuccino,1
T0003410,2024-02-21,I003,Cappuccino,1
T0003411,2024-02-21,I003,Cappuccino,2
T0003412,2024-02-21,I003,Cappuccino,1
T0003413,2024-02-21,I003,Cappuccino,2
T0003414,2024-02-21,I004,Americano,1
T0003415,2024-02-21,I004,Americano,1
T0003416,2024-02-21,I004,Americano,2
T0003417,2024-02-21,I004,Americano,1
T0003418,2024-02-21,I004,Americano,1
T0003419,2024-02-21,I005,Green Tea,2
T0003420,2024-02-21,I005,Green Tea,1
T0003421,2024-02-21,I005,Green Tea,1
T0003422,2024-02-21,I005,Green Tea,1
T0003423,2024-02-21,I005,Green Tea,2
T0003424,2024-02-21,I005,Green Tea,1
T0003425,2024-02-21,I005,Green Tea,2
T0003426,2024-02-21,I005,Green Tea,1
T0003427,2024-02-21,I006,Muffin,1
T0003428,2024-02-21,I006,Muffin,1
T0003429,2024-02-21,I006,Muffin,1
T0003430,2024-02-21,I006,Muffin,2
T0003431,2024-02-21,I006,Muffin,1
T0003432,2024-02-21,I006,Muffin,1
T0003433,2024-02-21,I006,Muffin,1
T0003434,2024-02-21,I006,Muffin,1
T0003435,2024-02-21,I006,Muffin,1
T0003436,2024-02-21,I007,Croissant,1
T0003437,2024-02-21,I007,Croissant,1
T0003438,2024-02-21,I007,Croissant,2
T0003439,2024-02-21,I007,Croissant,1
T0003440,2024-02-21,I007,Croissant,1
T0003441,2024-02-21,I007,Croissant,3
T0003442,2024-02-21,I007,Croissant,2
T0003443,2024-02-21,I007,Croissant,3
T0003444,2024-02-21,I007,Croissant,1
T0003445,2024-02-21,I007,Croissant,1
T0003446,2024-02-21,I007,Croissant,1
T0003447,2024-02-21,I008,Sandwich,1
T0003448,2024-02-21,I008,Sandwich,1
T0003449,2024-02-21,I008,Sandwich,1
T0003450,2024-02-21,I008,Sandwich,1
T0003451,2024-02-21,I008,Sandwich,1
T0003452,2024-02-21,I008,Sandwich,1
T0003453,2024-02-21,I008,Sandwich,1
T0003454,2024-02-21,I008,Sandwich,3
T0003455,2024-02-21,I008,Sandwich,2
T0003456,2024-02-21,I008,Sandwich,3
T0003457,2024-02-21,I008,Sandwich,2
T0003458,2024-02-21,I008,Sandwich,1
T0003459,2024-02-22,I001,Espresso,1
T0003460,2024-02-22,I001,Espresso,1
T0003461,2024-02-22,I001,Espresso,1
T0003462,2024-02-22,I001,Espresso,1
T0003463,2024-02-22,I001,Espresso,1
T0003464,2024-02-22,I001,Espresso,1
T0003465,2024-02-22,I001,Espresso,1
T0003466,2024-02-22,I001,Espresso,1
T0003467,2024-02-22,I002,Latte,1
T0003468,2024-02-22,I002,Latte,1
T0003469,2024-02-22,I002,Latte,1
T0003470,2024-02-22,I002,Latte,1
T0003471,2024-02-22,I002,Latte,1
T0003472,2024-02-22,I002,Latte,1
T0003473,2024-02-22,I002,Latte,1
T0003474,2024-02-22,I002,Latte,1
T0003475,2024-02-22,I002,Latte,3
T0003476,2024-02-22,I002,Latte,3
T0003477,2024-02-22,I003,Cappuccino,1
T0003478,2024-02-22,I003,Cappuccino,1
T0003479,2024-02-22,I003,Cappuccino,2
T0003480,2024-02-22,I003,Cappuccino,1
T0003481,2024-02-22,I003,Cappuccino,1
T0003482,2024-02-22,I003,Cappuccino,1
T0003483,2024-02-22,I003,Cappuccino,3
T0003484,2024-02-22,I004,Americano,2
T0003485,2024-02-22,I004,Americano,1
T0003486,2024-02-22,I004,Americano,1
T0003487,2024-02-22,I004,Americano,3
T0003488,2024-02-22,I004,Americano,1
T0003489,2024-02-22,I004,Americano,1
T0003490,2024-02-22,I004,Americano,1
T0003491,2024-02-22,I004,Americano,1
T0003492,2024-02-22,I005,Green Tea,1
T0003493,2024-02-22,I005,Green Tea,1
T0003494,2024-02-22,I005,Green Tea,1
T0003495,2024-02-22,I005,Green Tea,2
T0003496,2024-02-22,I005,Green Tea,1
T0003497,2024-02-22,I005,Green Tea,1
T0003498,2024-02-22,I006,Muffin,1
T0003499,2024-02-22,I006,Muffin,1
T0003500,2024-02-22,I006,Muffin,1
T0003501,2024-02-22,I006,Muffin,1
T0003502,2024-02-22,I006,Muffin,1
T0003503,2024-02-22,I006,Muffin,2
T0003504,2024-02-22,I006,Muffin,1
T0003505,2024-02-22,I006,Muffin,1
T0003506,2024-02-22,I006,Muffin,1
T0003507,2024-02-22,I006,Muffin,2
T0003508,2024-02-22,I006,Muffin,1
T0003509,2024-02-22,I007,Croissant,1
T0003510,2024-02-22,I007,Croissant,1
T0003511,2024-02-22,I007,Croissant,1
T0003512,2024-02-22,I007,Croissant,1
T0003513,2024-02-22,I007,Croissant,1
T0003514,2024-02-22,I007,Croissant,1
T0003515,2024-02-22,I007,Croissant,1
T0003516,2024-02-22,I007,Croissant,1
T0003517,2024-02-22,I007,Croissant,1
T0003518,2024-02-22,I007,Croissant,1
T0003519,2024-02-22,I008,Sandwich,1
T0003520,2024-02-22,I008,Sandwich,1
T0003521,2024-02-22,I008,Sandwich,1
T0003522,2024-02-22,I008,Sandwich,1
T0003523,2024-02-22,I008,Sandwich,2
T0003524,2024-02-22,I008,Sandwich,1
T0003525,2024-02-22,I008,Sandwich,1
T0003526,2024-02-22,I008,Sandwich,3
T0003527,2024-02-22,I008,Sandwich,1
T0003528,2024-02-22,I008,Sandwich,1
T0003529,2024-02-22,I008,Sandwich,2
T0003530,2024-02-22,I008,Sandwich,1
T0003531,2024-02-22,I008,Sandwich,1
T0003532,2024-02-22,I008,Sandwich,1
T0003533,2024-02-22,I008,Sandwich,1
T0003534,2024-02-22,I008,Sandwich,2
T0003535,2024-02-22,I008,Sandwich,1
T0003536,2024-02-23,I001,Espresso,1
T0003537,2024-02-23,I001,Espresso,1
T0003538,2024-02-23,I001,Espresso,1
T0003539,2024-02-23,I001,Espresso,3
T0003540,2024-02-23,I001,Espresso,1
T0003541,2024-02-23,I001,Espresso,1
T0003542,2024-02-23,I001,Espresso,1
T0003543,2024-02-23,I001,Espresso,1
T0003544,2024-02-23,I001,Espresso,3
T0003545,2024-02-23,I001,Espresso,1
T0003546,2024-02-23,I001,Espresso,1
T0003547,2024-02-23,I001,Espresso,1
T0003548,2024-02-23,I001,Espresso,2
T0003549,2024-02-23,I001,Espresso,1
T0003550,2024-02-23,I002,Latte,2
T0003551,2024-02-23,I002,Latte,1
T0003552,2024-02-23,I002,Latte,1
T0003553,2024-02-23,I002,Latte,1
T0003554,2024-02-23,I002,Latte,1
T0003555,2024-02-23,I002,Latte,2
T0003556,2024-02-23,I002,Latte,2
T0003557,2024-02-23,I002,Latte,1
T0003558,2024-02-23,I002,Latte,1
T0003559,2024-02-23,I002,Latte,1
T0003560,2024-02-23,I002,Latte,2
T0003561,2024-02-23,I002,Latte,1
T0003562,2024-02-23,I002,Latte,1
T0003563,2024-02-23,I002,Latte,1
T0003564,2024-02-23,I002,Latte,1
T0003565,2024-02-23,I002,Latte,1
T0003566,2024-02-23,I002,Latte,1
T0003567,2024-02-23,I003,Cappuccino,1
T0003568,2024-02-23,I003,Cappuccino,3
T0003569,2024-02-23,I003,Cappuccino,1
T0003570,2024-02-23,I003,Cappuccino,1
T0003571,2024-02-23,I003,Cappuccino,1
T0003572,2024-02-23,I003,Cappuccino,2
T0003573,2024-02-23,I003,Cappuccino,1
T0003574,2024-02-23,I003,Cappuccino,1
T0003575,2024-02-23,I003,Cappuccino,1
T0003576,2024-02-23,I003,Cappuccino,1
T0003577,2024-02-23,I003,Cappuccino,1
T0003578,2024-02-23,I003,Cappuccino,2
T0003579,2024-02-23,I003,Cappuccino,2
T0003580,2024-02-23,I004,Americano,2
T0003581,2024-02-23,I004,Americano,1
T0003582,2024-02-23,I004,Americano,2
T0003583,2024-02-23,I004,Americano,1
T0003584,2024-02-23,I004,Americano,3
T0003585,2024-02-23,I004,Americano,2
T0003586,2024-02-23,I004,Americano,3
T0003587,2024-02-23,I004,Americano,1
T0003588,2024-02-23,I004,Americano,1
T0003589,2024-02-23,I004,Americano,3
T0003590,2024-02-23,I005,Green Tea,1
T0003591,2024-02-23,I005,Green Tea,1
T0003592,2024-02-23,I005,Green Tea,2
T0003593,2024-02-23,I005,Green Tea,2
T0003594,2024-02-23,I005,Green Tea,3
T0003595,2024-02-23,I006,Muffin,2
T0003596,2024-02-23,I006,Muffin,1
T0003597,2024-02-23,I006,Muffin,1
T0003598,2024-02-23,I006,Muffin,1
T0003599,2024-02-23,I006,Muffin,1
T0003600,2024-02-23,I006,Muffin,3
T0003601,2024-02-23,I006,Muffin,1
T0003602,2024-02-23,I006,Muffin,2
T0003603,2024-02-23,I006,Muffin,3
T0003604,2024-02-23,I006,Muffin,1
T0003605,2024-02-23,I007,Croissant,2
T0003606,2024-02-23,I007,Croissant,1
T0003607,2024-02-23,I007,Croissant,2
T0003608,2024-02-23,I007,Croissant,1
T0003609,2024-02-23,I007,Croissant,3
T0003610,2024-02-23,I007,Croissant,1
T0003611,2024-02-23,I007,Croissant,1
T0003612,2024-02-23,I007,Croissant,2
T0003613,2024-02-23,I007,Croissant,1
T0003614,2024-02-23,I008,Sandwich,2
T0003615,2024-02-23,I008,Sandwich,1
T0003616,2024-02-23,I008,Sandwich,1
T0003617,2024-02-23,I008,Sandwich,1
T0003618,2024-02-23,I008,Sandwich,1
T0003619,2024-02-23,I008,Sandwich,1
T0003620,2024-02-23,I008,Sandwich,1
T0003621,2024-02-23,I008,Sandwich,1
T0003622,2024-02-23,I008,Sandwich,1
T0003623,2024-02-23,I008,Sandwich,1
T0003624,2024-02-23,I008,Sandwich,2
T0003625,2024-02-24,I001,Espresso,1
T0003626,2024-02-24,I001,Espresso,1
T0003627,2024-02-24,I001,Espresso,1
T0003628,2024-02-24,I001,Espresso,1
T0003629,2024-02-24,I001,Espresso,2
T0003630,2024-02-24,I001,Espresso,1
T0003631,2024-02-24,I001,Espresso,1
T0003632,2024-02-24,I001,Espresso,1
T0003633,2024-02-24,I001,Espresso,1
T0003634,2024-02-24,I001,Espresso,1
T0003635,2024-02-24,I001,Espresso,1
T0003636,2024-02-24,I001,Espresso,1
T0003637,2024-02-24,I001,Espresso,3
T0003638,2024-02-24,I001,Espresso,1
T0003639,2024-02-24,I001,Espresso,1
T0003640,2024-02-24,I001,Espresso,2
T0003641,2024-02-24,I001,Espresso,2
T0003642,2024-02-24,I001,Espresso,1
T0003643,2024-02-24,I001,Espresso,2
T0003644,2024-02-24,I001,Espresso,2
T0003645,2024-02-24,I001,Espresso,1
T0003646,2024-02-24,I001,Espresso,1
T0003647,2024-02-24,I002,Latte,1
T0003648,2024-02-24,I002,Latte,1
T0003649,2024-02-24,I002,Latte,2
T0003650,2024-02-24,I002,Latte,1
T0003651,2024-02-24,I002,Latte,1
T0003652,2024-02-24,I002,Latte,1
T0003653,2024-02-24,I002,Latte,1
T0003654,2024-02-24,I002,Latte,2
T0003655,2024-02-24,I002,Latte,1
T0003656,2024-02-24,I002,Latte,2
T0003657,2024-02-24,I002,Latte,1
T0003658,2024-02-24,I002,Latte,1
T0003659,2024-02-24,I002,Latte,3
T0003660,2024-02-24,I002,Latte,1
T0003661,2024-02-24,I002,Latte,1
T0003662,2024-02-24,I002,Latte,1
T0003663,2024-02-24,I002,Latte,2
T0003664,2024-02-24,I002,Latte,1
T0003665,2024-02-24,I002,Latte,1
T0003666,2024-02-24,I002,Latte,1
T0003667,2024-02-24,I002,Latte,1
T0003668,2024-02-24,I002,Latte,2
T0003669,2024-02-24,I002,Latte,1
T0003670,2024-02-24,I002,Latte,1
T0003671,2024-02-24,I002,Latte,1
T0003672,2024-02-24,I002,Latte,1
T0003673,2024-02-24,I003,Cappuccino,3
T0003674,2024-02-24,I003,Cappuccino,1
T0003675,2024-02-24,I003,Cappuccino,3
T0003676,2024-02-24,I003,Cappuccino,1
T0003677,2024-02-24,I003,Cappuccino,1
T0003678,2024-02-24,I003,Cappuccino,2
T0003679,2024-02-24,I003,Cappuccino,1
T0003680,2024-02-24,I003,Cappuccino,2
T0003681,2024-02-24,I003,Cappuccino,3
T0003682,2024-02-24,I003,Cappuccino,1
T0003683,2024-02-24,I003,Cappuccino,1
T0003684,2024-02-24,I003,Cappuccino,2
T0003685,2024-02-24,I003,Cappuccino,1
T0003686,2024-02-24,I003,Cappuccino,1
T0003687,2024-02-24,I003,Cappuccino,1
T0003688,2024-02-24,I003,Cappuccino,1
T0003689,2024-02-24,I004,Americano,1
T0003690,2024-02-24,I004,Americano,1
T0003691,2024-02-24,I004,Americano,1
T0003692,2024-02-24,I004,Americano,1
T0003693,2024-02-24,I004,Americano,2
T0003694,2024-02-24,I004,Americano,1
T0003695,2024-02-24,I004,Americano,2
T0003696,2024-02-24,I004,Americano,2
T0003697,2024-02-24,I004,Americano,1
T0003698,2024-02-24,I004,Americano,1
T0003699,2024-02-24,I004,Americano,1
T0003700,2024-02-24,I004,Americano,1
T0003701,2024-02-24,I004,Americano,2
T0003702,2024-02-24,I005,Green Tea,2
T0003703,2024-02-24,I005,Green Tea,1
T0003704,2024-02-24,I005,Green Tea,1
T0003705,2024-02-24,I005,Green Tea,3
T0003706,2024-02-24,I005,Green Tea,3
T0003707,2024-02-24,I005,Green Tea,1
T0003708,2024-02-24,I005,Green Tea,1
T0003709,2024-02-24,I005,Green Tea,1
T0003710,2024-02-24,I005,Green Tea,3
T0003711,2024-02-24,I005,Green Tea,1
T0003712,2024-02-24,I005,Green Tea,1
T0003713,2024-02-24,I006,Muffin,1
T0003714,2024-02-24,I006,Muffin,3
T0003715,2024-02-24,I006,Muffin,1
T0003716,2024-02-24,I006,Muffin,1
T0003717,2024-02-24,I006,Muffin,1
T0003718,2024-02-24,I006,Muffin,1
T0003719,2024-02-24,I006,Muffin,1
T0003720,2024-02-24,I006,Muffin,1
T0003721,2024-02-24,I006,Muffin,1
T0003722,2024-02-24,I007,Croissant,1
T0003723,2024-02-24,I007,Croissant,1
T0003724,2024-02-24,I007,Croissant,1
T0003725,2024-02-24,I007,Croissant,3
T0003726,2024-02-24,I007,Croissant,3
T0003727,2024-02-24,I007,Croissant,1
T0003728,2024-02-24,I007,Croissant,1
T0003729,2024-02-24,I007,Croissant,2
T0003730,2024-02-24,I007,Croissant,1
T0003731,2024-02-24,I007,Croissant,2
T0003732,2024-02-24,I007,Croissant,3
T0003733,2024-02-24,I007,Croissant,1
T0003734,2024-02-24,I008,Sandwich,1
T0003735,2024-02-24,I008,Sandwich,1
T0003736,2024-02-24,I008,Sandwich,1
T0003737,2024-02-24,I008,Sandwich,2
T0003738,2024-02-24,I008,Sandwich,3
T0003739,2024-02-24,I008,Sandwich,1
T0003740,2024-02-24,I008,Sandwich,1
T0003741,2024-02-24,I008,Sandwich,1
T0003742,2024-02-24,I008,Sandwich,1
T0003743,2024-02-24,I008,Sandwich,1
T0003744,2024-02-24,I008,Sandwich,3
T0003745,2024-02-24,I008,Sandwich,2
T0003746,2024-02-24,I008,Sandwich,1
T0003747,2024-02-24,I008,Sandwich,1
T0003748,2024-02-24,I008,Sandwich,1
T0003749,2024-02-24,I008,Sandwich,1
T0003750,2024-02-25,I001,Espresso,1
T0003751,2024-02-25,I001,Espresso,1
T0003752,2024-02-25,I001,Espresso,3
T0003753,2024-02-25,I001,Espresso,1
T0003754,2024-02-25,I001,Espresso,1
T0003755,2024-02-25,I001,Espresso,2
T0003756,2024-02-25,I001,Espresso,1
T0003757,2024-02-25,I001,Espresso,1
T0003758,2024-02-25,I001,Espresso,1
T0003759,2024-02-25,I001,Espresso,1
T0003760,2024-02-25,I001,Espresso,2
T0003761,2024-02-25,I001,Espresso,1
T0003762,2024-02-25,I001,Espresso,2
T0003763,2024-02-25,I001,Espresso,1
T0003764,2024-02-25,I001,Espresso,1
T0003765,2024-02-25,I001,Espresso,2
T0003766,2024-02-25,I001,Espresso,1
T0003767,2024-02-25,I001,Espresso,1
T0003768,2024-02-25,I002,Latte,1
T0003769,2024-02-25,I002,Latte,1
T0003770,2024-02-25,I002,Latte,1
T0003771,2024-02-25,I002,Latte,1
T0003772,2024-02-25,I002,Latte,3
T0003773,2024-02-25,I002,Latte,1
T0003774,2024-02-25,I002,Latte,2
T0003775,2024-02-25,I002,Latte,1
T0003776,2024-02-25,I002,Latte,1
T0003777,2024-02-25,I002,Latte,2
T0003778,2024-02-25,I002,Latte,1
T0003779,2024-02-25,I002,Latte,2
T0003780,2024-02-25,I002,Latte,1
T0003781,2024-02-25,I002,Latte,1
T0003782,2024-02-25,I002,Latte,1
T0003783,2024-02-25,I002,Latte,1
T0003784,2024-02-25,I002,Latte,2
T0003785,2024-02-25,I002,Latte,1
T0003786,2024-02-25,I002,Latte,3
T0003787,2024-02-25,I002,Latte,3
T0003788,2024-02-25,I002,Latte,1
T0003789,2024-02-25,I002,Latte,1
T0003790,2024-02-25,I003,Cappuccino,2
T0003791,2024-02-25,I003,Cappuccino,3
T0003792,2024-02-25,I003,Cappuccino,1
T0003793,2024-02-25,I003,Cappuccino,1
T0003794,2024-02-25,I003,Cappuccino,1
T0003795,2024-02-25,I003,Cappuccino,1
T0003796,2024-02-25,I003,Cappuccino,1
T0003797,2024-02-25,I003,Cappuccino,2
T0003798,2024-02-25,I003,Cappuccino,1
T0003799,2024-02-25,I003,Cappuccino,1
T0003800,2024-02-25,I003,Cappuccino,1
T0003801,2024-02-25,I003,Cappuccino,1
T0003802,2024-02-25,I003,Cappuccino,1
T0003803,2024-02-25,I003,Cappuccino,1
T0003804,2024-02-25,I003,Cappuccino,1
T0003805,2024-02-25,I003,Cappuccino,1
T0003806,2024-02-25,I004,Americano,1
T0003807,2024-02-25,I004,Americano,3
T0003808,2024-02-25,I004,Americano,1
T0003809,2024-02-25,I004,Americano,1
T0003810,2024-02-25,I004,Americano,2
T0003811,2024-02-25,I004,Americano,1
T0003812,2024-02-25,I004,Americano,1
T0003813,2024-02-25,I004,Americano,1
T0003814,2024-02-25,I004,Americano,1
T0003815,2024-02-25,I004,Americano,1
T0003816,2024-02-25,I004,Americano,2
T0003817,2024-02-25,I005,Green Tea,1
T0003818,2024-02-25,I005,Green Tea,2
T0003819,2024-02-25,I005,Green Tea,1
T0003820,2024-02-25,I005,Green Tea,2
T0003821,2024-02-25,I005,Green Tea,1
T0003822,2024-02-25,I005,Green Tea,1
T0003823,2024-02-25,I006,Muffin,1
T0003824,2024-02-25,I006,Muffin,1
T0003825,2024-02-25,I006,Muffin,1
T0003826,2024-02-25,I006,Muffin,1
T0003827,2024-02-25,I006,Muffin,1
T0003828,2024-02-25,I006,Muffin,1
T0003829,2024-02-25,I006,Muffin,2
T0003830,2024-02-25,I006,Muffin,1
T0003831,2024-02-25,I006,Muffin,1
T0003832,2024-02-25,I006,Muffin,1
T0003833,2024-02-25,I006,Muffin,3
T0003834,2024-02-25,I006,Muffin,3
T0003835,2024-02-25,I006,Muffin,2
T0003836,2024-02-25,I006,Muffin,1
T0003837,2024-02-25,I007,Croissant,1
T0003838,2024-02-25,I007,Croissant,1
T0003839,2024-02-25,I007,Croissant,1
T0003840,2024-02-25,I007,Croissant,1
T0003841,2024-02-25,I007,Croissant,2
T0003842,2024-02-25,I007,Croissant,2
T0003843,2024-02-25,I007,Croissant,2
T0003844,2024-02-25,I007,Croissant,1
T0003845,2024-02-25,I007,Croissant,1
T0003846,2024-02-25,I007,Croissant,1
T0003847,2024-02-25,I007,Croissant,1
T0003848,2024-02-25,I008,Sandwich,1
T0003849,2024-02-25,I008,Sandwich,2
T0003850,2024-02-25,I008,Sandwich,1
T0003851,2024-02-25,I008,Sandwich,2
T0003852,2024-02-25,I008,Sandwich,1
T0003853,2024-02-25,I008,Sandwich,1
T0003854,2024-02-25,I008,Sandwich,2
T0003855,2024-02-25,I008,Sandwich,1
T0003856,2024-02-25,I008,Sandwich,3
T0003857,2024-02-25,I008,Sandwich,1
T0003858,2024-02-25,I008,Sandwich,1
T0003859,2024-02-25,I008,Sandwich,1
T0003860,2024-02-25,I008,Sandwich,2
T0003861,2024-02-26,I001,Espresso,1
T0003862,2024-02-26,I001,Espresso,2
T0003863,2024-02-26,I001,Espresso,1
T0003864,2024-02-26,I001,Espresso,1
T0003865,2024-02-26,I001,Espresso,1
T0003866,2024-02-26,I001,Espresso,1
T0003867,2024-02-26,I002,Latte,1
T0003868,2024-02-26,I002,Latte,1
T0003869,2024-02-26,I002,Latte,1
T0003870,2024-02-26,I002,Latte,1
T0003871,2024-02-26,I002,Latte,1
T0003872,2024-02-26,I002,Latte,1
T0003873,2024-02-26,I002,Latte,1
T0003874,2024-02-26,I002,Latte,1
T0003875,2024-02-26,I002,Latte,1
T0003876,2024-02-26,I002,Latte,1
T0003877,2024-02-26,I002,Latte,1
T0003878,2024-02-26,I002,Latte,1
T0003879,2024-02-26,I003,Cappuccino,1
T0003880,2024-02-26,I003,Cappuccino,3
T0003881,2024-02-26,I003,Cappuccino,2
T0003882,2024-02-26,I003,Cappuccino,2
T0003883,2024-02-26,I003,Cappuccino,1
T0003884,2024-02-26,I003,Cappuccino,2
T0003885,2024-02-26,I003,Cappuccino,2
T0003886,2024-02-26,I003,Cappuccino,2
T0003887,2024-02-26,I004,Americano,2
T0003888,2024-02-26,I004,Americano,1
T0003889,2024-02-26,I004,Americano,1
T0003890,2024-02-26,I004,Americano,1
T0003891,2024-02-26,I004,Americano,1
T0003892,2024-02-26,I004,Americano,1
T0003893,2024-02-26,I004,Americano,1
T0003894,2024-02-26,I004,Americano,1
T0003895,2024-02-26,I004,Americano,1
T0003896,2024-02-26,I005,Green Tea,1
T0003897,2024-02-26,I005,Green Tea,1
T0003898,2024-02-26,I005,Green Tea,1
T0003899,2024-02-26,I005,Green Tea,1
T0003900,2024-02-26,I005,Green Tea,2
T0003901,2024-02-26,I006,Muffin,1
T0003902,2024-02-26,I006,Muffin,1
T0003903,2024-02-26,I006,Muffin,2
T0003904,2024-02-26,I007,Croissant,2
T0003905,2024-02-26,I007,Croissant,1
T0003906,2024-02-26,I007,Croissant,1
T0003907,2024-02-26,I007,Croissant,1
T0003908,2024-02-26,I007,Croissant,1
T0003909,2024-02-26,I007,Croissant,1
T0003910,2024-02-26,I007,Croissant,1
T0003911,2024-02-26,I007,Croissant,1
T0003912,2024-02-26,I007,Croissant,1
T0003913,2024-02-26,I007,Croissant,3
T0003914,2024-02-26,I007,Croissant,1
T0003915,2024-02-26,I007,Croissant,2
T0003916,2024-02-26,I007,Croissant,2
T0003917,2024-02-26,I007,Croissant,1
T0003918,2024-02-26,I008,Sandwich,1
T0003919,2024-02-26,I008,Sandwich,1
T0003920,2024-02-26,I008,Sandwich,3
T0003921,2024-02-26,I008,Sandwich,1
T0003922,2024-02-26,I008,Sandwich,1
T0003923,2024-02-26,I008,Sandwich,3
T0003924,2024-02-26,I008,Sandwich,1
T0003925,2024-02-26,I008,Sandwich,1
T0003926,2024-02-26,I008,Sandwich,2
T0003927,2024-02-26,I008,Sandwich,2
T0003928,2024-02-26,I008,Sandwich,3
T0003929,2024-02-26,I008,Sandwich,3
T0003930,2024-02-27,I001,Espresso,1
T0003931,2024-02-27,I001,Espresso,2
T0003932,2024-02-27,I001,Espresso,1
T0003933,2024-02-27,I001,Espresso,1
T0003934,2024-02-27,I001,Espresso,1
T0003935,2024-02-27,I001,Espresso,1
T0003936,2024-02-27,I001,Espresso,3
T0003937,2024-02-27,I001,Espresso,2
T0003938,2024-02-27,I001,Espresso,1
T0003939,2024-02-27,I001,Espresso,1
T0003940,2024-02-27,I001,Espresso,1
T0003941,2024-02-27,I001,Espresso,2
T0003942,2024-02-27,I002,Latte,1
T0003943,2024-02-27,I002,Latte,1
T0003944,2024-02-27,I002,Latte,1
T0003945,2024-02-27,I002,Latte,3
T0003946,2024-02-27,I002,Latte,1
T0003947,2024-02-27,I002,Latte,1
T0003948,2024-02-27,I002,Latte,1
T0003949,2024-02-27,I002,Latte,1
T0003950,2024-02-27,I002,Latte,3
T0003951,2024-02-27,I002,Latte,1
T0003952,2024-02-27,I002,Latte,1
T0003953,2024-02-27,I002,Latte,1
T0003954,2024-02-27,I002,Latte,1
T0003955,2024-02-27,I003,Cappuccino,1
T0003956,2024-02-27,I003,Cappuccino,2
T0003957,2024-02-27,I003,Cappuccino,1
T0003958,2024-02-27,I003,Cappuccino,1
T0003959,2024-02-27,I003,Cappuccino,1
T0003960,2024-02-27,I003,Cappuccino,1
T0003961,2024-02-27,I003,Cappuccino,1
T0003962,2024-02-27,I003,Cappuccino,1
T0003963,2024-02-27,I003,Cappuccino,2
T0003964,2024-02-27,I003,Cappuccino,2
T0003965,2024-02-27,I003,Cappuccino,1
T0003966,2024-02-27,I003,Cappuccino,1
T0003967,2024-02-27,I003,Cappuccino,1
T0003968,2024-02-27,I004,Americano,1
T0003969,2024-02-27,I004,Americano,1
T0003970,2024-02-27,I004,Americano,2
T0003971,2024-02-27,I004,Americano,2
T0003972,2024-02-27,I004,Americano,1
T0003973,2024-02-27,I004,Americano,1
T0003974,2024-02-27,I004,Americano,1
T0003975,2024-02-27,I004,Americano,1
T0003976,2024-02-27,I004,Americano,2
T0003977,2024-02-27,I004,Americano,2
T0003978,2024-02-27,I004,Americano,2
T0003979,2024-02-27,I005,Green Tea,1
T0003980,2024-02-27,I005,Green Tea,2
T0003981,2024-02-27,I005,Green Tea,1
T0003982,2024-02-27,I005,Green Tea,1
T0003983,2024-02-27,I005,Green Tea,1
T0003984,2024-02-27,I005,Green Tea,1
T0003985,2024-02-27,I005,Green Tea,2
T0003986,2024-02-27,I005,Green Tea,1
T0003987,2024-02-27,I006,Muffin,1
T0003988,2024-02-27,I006,Muffin,1
T0003989,2024-02-27,I006,Muffin,1
T0003990,2024-02-27,I006,Muffin,2
T0003991,2024-02-27,I006,Muffin,1
T0003992,2024-02-27,I006,Muffin,1
T0003993,2024-02-27,I006,Muffin,1
T0003994,2024-02-27,I007,Croissant,2
T0003995,2024-02-27,I007,Croissant,1
T0003996,2024-02-27,I007,Croissant,1
T0003997,2024-02-27,I007,Croissant,1
T0003998,2024-02-27,I007,Croissant,1
T0003999,2024-02-27,I007,Croissant,1
T0004000,2024-02-27,I007,Croissant,2
T0004001,2024-02-27,I007,Croissant,1
T0004002,2024-02-27,I007,Croissant,1
T0004003,2024-02-27,I008,Sandwich,1
T0004004,2024-02-27,I008,Sandwich,1
T0004005,2024-02-27,I008,Sandwich,1
T0004006,2024-02-27,I008,Sandwich,1
T0004007,2024-02-27,I008,Sandwich,1
T0004008,2024-02-27,I008,Sandwich,2
T0004009,2024-02-27,I008,Sandwich,3
T0004010,2024-02-27,I008,Sandwich,1
T0004011,2024-02-27,I008,Sandwich,1
T0004012,2024-02-27,I008,Sandwich,1
T0004013,2024-02-27,I008,Sandwich,2
T0004014,2024-02-27,I008,Sandwich,1
T0004015,2024-02-27,I008,Sandwich,1
T0004016,2024-02-27,I008,Sandwich,2
T0004017,2024-02-27,I008,Sandwich,2
T0004018,2024-02-28,I001,Espresso,2
T0004019,2024-02-28,I001,Espresso,1
T0004020,2024-02-28,I001,Espresso,2
T0004021,2024-02-28,I001,Espresso,2
T0004022,2024-02-28,I001,Espresso,1
T0004023,2024-02-28,I001,Espresso,1
T0004024,2024-02-28,I001,Espresso,1
T0004025,2024-02-28,I001,Espresso,3
T0004026,2024-02-28,I001,Espresso,1
T0004027,2024-02-28,I001,Espresso,1
T0004028,2024-02-28,I001,Espresso,1
T0004029,2024-02-28,I001,Espresso,2
T0004030,2024-02-28,I001,Espresso,1
T0004031,2024-02-28,I001,Espresso,1
T0004032,2024-02-28,I001,Espresso,1
T0004033,2024-02-28,I002,Latte,1
T0004034,2024-02-28,I002,Latte,2
T0004035,2024-02-28,I002,Latte,1
T0004036,2024-02-28,I002,Latte,1
T0004037,2024-02-28,I002,Latte,1
T0004038,2024-02-28,I002,Latte,1
T0004039,2024-02-28,I002,Latte,1
T0004040,2024-02-28,I002,Latte,1
T0004041,2024-02-28,I002,Latte,2
T0004042,2024-02-28,I002,Latte,1
T0004043,2024-02-28,I002,Latte,1
T0004044,2024-02-28,I002,Latte,1
T0004045,2024-02-28,I002,Latte,3
T0004046,2024-02-28,I002,Latte,1
T0004047,2024-02-28,I002,Latte,1
T0004048,2024-02-28,I002,Latte,1
T0004049,2024-02-28,I002,Latte,1
T0004050,2024-02-28,I002,Latte,1
T0004051,2024-02-28,I003,Cappuccino,2
T0004052,2024-02-28,I003,Cappuccino,1
T0004053,2024-02-28,I003,Cappuccino,2
T0004054,2024-02-28,I003,Cappuccino,1
T0004055,2024-02-28,I003,Cappuccino,1
T0004056,2024-02-28,I003,Cappuccino,2
T0004057,2024-02-28,I003,Cappuccino,1
T0004058,2024-02-28,I003,Cappuccino,3
T0004059,2024-02-28,I003,Cappuccino,1
T0004060,2024-02-28,I003,Cappuccino,3
T0004061,2024-02-28,I004,Americano,1
T0004062,2024-02-28,I004,Americano,1
T0004063,2024-02-28,I004,Americano,1
T0004064,2024-02-28,I004,Americano,1
T0004065,2024-02-28,I004,Americano,1
T0004066,2024-02-28,I004,Americano,1
T0004067,2024-02-28,I004,Americano,2
T0004068,2024-02-28,I004,Americano,1
T0004069,2024-02-28,I005,Green Tea,1
T0004070,2024-02-28,I005,Green Tea,1
T0004071,2024-02-28,I005,Green Tea,1
T0004072,2024-02-28,I005,Green Tea,1
T0004073,2024-02-28,I005,Green Tea,1
T0004074,2024-02-28,I005,Green Tea,3
T0004075,2024-02-28,I005,Green Tea,2
T0004076,2024-02-28,I005,Green Tea,1
T0004077,2024-02-28,I005,Green Tea,1
T0004078,2024-02-28,I006,Muffin,1
T0004079,2024-02-28,I006,Muffin,1
T0004080,2024-02-28,I006,Muffin,1
T0004081,2024-02-28,I006,Muffin,1
T0004082,2024-02-28,I006,Muffin,1
T0004083,2024-02-28,I006,Muffin,2
T0004084,2024-02-28,I006,Muffin,1
T0004085,2024-02-28,I006,Muffin,2
T0004086,2024-02-28,I006,Muffin,3
T0004087,2024-02-28,I006,Muffin,1
T0004088,2024-02-28,I006,Muffin,1
T0004089,2024-02-28,I006,Muffin,1
T0004090,2024-02-28,I007,Croissant,3
T0004091,2024-02-28,I007,Croissant,3
T0004092,2024-02-28,I007,Croissant,1
T0004093,2024-02-28,I007,Croissant,1
T0004094,2024-02-28,I007,Croissant,2
T0004095,2024-02-28,I007,Croissant,1
T0004096,2024-02-28,I007,Croissant,2
T0004097,2024-02-28,I007,Croissant,2
T0004098,2024-02-28,I007,Croissant,1
T0004099,2024-02-28,I007,Croissant,1
T0004100,2024-02-28,I007,Croissant,1
T0004101,2024-02-28,I008,Sandwich,2
T0004102,2024-02-28,I008,Sandwich,3
T0004103,2024-02-28,I008,Sandwich,3
T0004104,2024-02-28,I008,Sandwich,1
T0004105,2024-02-28,I008,Sandwich,2
T0004106,2024-02-28,I008,Sandwich,2
T0004107,2024-02-28,I008,Sandwich,1
T0004108,2024-02-28,I008,Sandwich,1
T0004109,2024-02-28,I008,Sandwich,1
T0004110,2024-02-29,I001,Espresso,2
T0004111,2024-02-29,I001,Espresso,1
T0004112,2024-02-29,I001,Espresso,2
T0004113,2024-02-29,I001,Espresso,1
T0004114,2024-02-29,I001,Espresso,2
T0004115,2024-02-29,I001,Espresso,1
T0004116,2024-02-29,I001,Espresso,1
T0004117,2024-02-29,I001,Espresso,1
T0004118,2024-02-29,I001,Espresso,1
T0004119,2024-02-29,I001,Espresso,2
T0004120,2024-02-29,I001,Espresso,1
T0004121,2024-02-29,I001,Espresso,1
T0004122,2024-02-29,I001,Espresso,1
T0004123,2024-02-29,I002,Latte,1
T0004124,2024-02-29,I002,Latte,2
T0004125,2024-02-29,I002,Latte,1
T0004126,2024-02-29,I002,Latte,2
T0004127,2024-02-29,I002,Latte,3
T0004128,2024-02-29,I002,Latte,1
T0004129,2024-02-29,I002,Latte,1
T0004130,2024-02-29,I002,Latte,1
T0004131,2024-02-29,I002,Latte,3
T0004132,2024-02-29,I002,Latte,2
T0004133,2024-02-29,I002,Latte,1
T0004134,2024-02-29,I002,Latte,2
T0004135,2024-02-29,I002,Latte,1
T0004136,2024-02-29,I002,Latte,3
T0004137,2024-02-29,I002,Latte,3
T0004138,2024-02-29,I002,Latte,1
T0004139,2024-02-29,I002,Latte,1
T0004140,2024-02-29,I002,Latte,1
T0004141,2024-02-29,I002,Latte,1
T0004142,2024-02-29,I003,Cappuccino,2
T0004143,2024-02-29,I003,Cappuccino,1
T0004144,2024-02-29,I003,Cappuccino,1
T0004145,2024-02-29,I003,Cappuccino,1
T0004146,2024-02-29,I003,Cappuccino,3
T0004147,2024-02-29,I003,Cappuccino,1
T0004148,2024-02-29,I003,Cappuccino,1
T0004149,2024-02-29,I003,Cappuccino,1
T0004150,2024-02-29,I003,Cappuccino,3
T0004151,2024-02-29,I003,Cappuccino,2
T0004152,2024-02-29,I003,Cappuccino,1
T0004153,2024-02-29,I003,Cappuccino,1
T0004154,2024-02-29,I003,Cappuccino,1
T0004155,2024-02-29,I003,Cappuccino,1
T0004156,2024-02-29,I004,Americano,1
T0004157,2024-02-29,I004,Americano,2
T0004158,2024-02-29,I004,Americano,1
T0004159,2024-02-29,I004,Americano,2
T0004160,2024-02-29,I004,Americano,2
T0004161,2024-02-29,I004,Americano,1
T0004162,2024-02-29,I004,Americano,1
T0004163,2024-02-29,I004,Americano,1
T0004164,2024-02-29,I004,Americano,1
T0004165,2024-02-29,I004,Americano,1
T0004166,2024-02-29,I004,Americano,1
T0004167,2024-02-29,I004,Americano,3
T0004168,2024-02-29,I005,Green Tea,1
T0004169,2024-02-29,I005,Green Tea,2
T0004170,2024-02-29,I005,Green Tea,1
T0004171,2024-02-29,I005,Green Tea,2
T0004172,2024-02-29,I005,Green Tea,1
T0004173,2024-02-29,I005,Green Tea,2
T0004174,2024-02-29,I005,Green Tea,1
T0004175,2024-02-29,I005,Green Tea,1
T0004176,2024-02-29,I006,Muffin,1
T0004177,2024-02-29,I006,Muffin,1
T0004178,2024-02-29,I006,Muffin,1
T0004179,2024-02-29,I006,Muffin,2
T0004180,2024-02-29,I006,Muffin,1
T0004181,2024-02-29,I006,Muffin,1
T0004182,2024-02-29,I007,Croissant,2
T0004183,2024-02-29,I007,Croissant,1
T0004184,2024-02-29,I007,Croissant,1
T0004185,2024-02-29,I007,Croissant,1
T0004186,2024-02-29,I007,Croissant,3
T0004187,2024-02-29,I007,Croissant,2
T0004188,2024-02-29,I007,Croissant,2
T0004189,2024-02-29,I007,Croissant,1
T0004190,2024-02-29,I007,Croissant,2
T0004191,2024-02-29,I007,Croissant,1
T0004192,2024-02-29,I007,Croissant,1
T0004193,2024-02-29,I007,Croissant,1
T0004194,2024-02-29,I007,Croissant,1
T0004195,2024-02-29,I007,Croissant,1
T0004196,2024-02-29,I008,Sandwich,1
T0004197,2024-02-29,I008,Sandwich,2
T0004198,2024-02-29,I008,Sandwich,1
T0004199,2024-02-29,I008,Sandwich,2
T0004200,2024-02-29,I008,Sandwich,1
T0004201,2024-02-29,I008,Sandwich,2
T0004202,2024-02-29,I008,Sandwich,1
T0004203,2024-02-29,I008,Sandwich,1
T0004204,2024-02-29,I008,Sandwich,1
T0004205,2024-02-29,I008,Sandwich,1
T0004206,2024-02-29,I008,Sandwich,2
T0004207,2024-02-29,I008,Sandwich,1
